UF;Município
RO;Alta Floresta D'Oeste (RO)
RO;Ariquemes (RO)
RO;Cabixi (RO)
RO;Cacoal (RO)
RO;Cerejeiras (RO)
RO;Colorado do Oeste (RO)
RO;Corumbiara (RO)
RO;Costa Marques (RO)
RO;Espigão D'Oeste (RO)
RO;Guajará-Mirim (RO)
RO;Jaru (RO)
RO;Ji-Paraná (RO)
RO;Machadinho D'Oeste (RO)
RO;Nova Brasilândia D'Oeste (RO)
RO;Ouro Preto do Oeste (RO)
RO;Pimenta Bueno (RO)
RO;Porto Velho (RO)
RO;Presidente Médici (RO)
RO;Rio Crespo (RO)
RO;Rolim de Moura (RO)
RO;Santa Luzia D'Oeste (RO)
RO;Vilhena (RO)
RO;São Miguel do Guaporé (RO)
RO;Nova Mamoré (RO)
RO;Alvorada D'Oeste (RO)
RO;Alto Alegre dos Parecis (RO)
RO;Alto Paraíso (RO)
RO;Buritis (RO)
RO;Novo Horizonte do Oeste (RO)
RO;Cacaulândia (RO)
RO;Campo Novo de Rondônia (RO)
RO;Candeias do Jamari (RO)
RO;Castanheiras (RO)
RO;Chupinguaia (RO)
RO;Cujubim (RO)
RO;Governador Jorge Teixeira (RO)
RO;Itapuã do Oeste (RO)
RO;Ministro Andreazza (RO)
RO;Mirante da Serra (RO)
RO;Monte Negro (RO)
RO;Nova União (RO)
RO;Parecis (RO)
RO;Pimenteiras do Oeste (RO)
RO;Primavera de Rondônia (RO)
RO;São Felipe D'Oeste (RO)
RO;São Francisco do Guaporé (RO)
RO;Seringueiras (RO)
RO;Teixeirópolis (RO)
RO;Theobroma (RO)
RO;Urupá (RO)
RO;Vale do Anari (RO)
RO;Vale do Paraíso (RO)
AC;Acrelândia (AC)
AC;Assis Brasil (AC)
AC;Brasiléia (AC)
AC;Bujari (AC)
AC;Capixaba (AC)
AC;Cruzeiro do Sul (AC)
AC;Epitaciolândia (AC)
AC;Feijó (AC)
AC;Jordão (AC)
AC;Mâncio Lima (AC)
AC;Manoel Urbano (AC)
AC;Marechal Thaumaturgo (AC)
AC;Plácido de Castro (AC)
AC;Porto Walter (AC)
AC;Rio Branco (AC)
AC;Rodrigues Alves (AC)
AC;Santa Rosa do Purus (AC)
AC;Senador Guiomard (AC)
AC;Sena Madureira (AC)
AC;Tarauacá (AC)
AC;Xapuri (AC)
AC;Porto Acre (AC)
AM;Alvarães (AM)
AM;Amaturá (AM)
AM;Anamã (AM)
AM;Anori (AM)
AM;Apuí (AM)
AM;Atalaia do Norte (AM)
AM;Autazes (AM)
AM;Barcelos (AM)
AM;Barreirinha (AM)
AM;Benjamin Constant (AM)
AM;Beruri (AM)
AM;Boa Vista do Ramos (AM)
AM;Boca do Acre (AM)
AM;Borba (AM)
AM;Caapiranga (AM)
AM;Canutama (AM)
AM;Carauari (AM)
AM;Careiro (AM)
AM;Careiro da Várzea (AM)
AM;Coari (AM)
AM;Codajás (AM)
AM;Eirunepé (AM)
AM;Envira (AM)
AM;Fonte Boa (AM)
AM;Guajará (AM)
AM;Humaitá (AM)
AM;Ipixuna (AM)
AM;Iranduba (AM)
AM;Itacoatiara (AM)
AM;Itamarati (AM)
AM;Itapiranga (AM)
AM;Japurá (AM)
AM;Juruá (AM)
AM;Jutaí (AM)
AM;Lábrea (AM)
AM;Manacapuru (AM)
AM;Manaquiri (AM)
AM;Manaus (AM)
AM;Manicoré (AM)
AM;Maraã (AM)
AM;Maués (AM)
AM;Nhamundá (AM)
AM;Nova Olinda do Norte (AM)
AM;Novo Airão (AM)
AM;Novo Aripuanã (AM)
AM;Parintins (AM)
AM;Pauini (AM)
AM;Presidente Figueiredo (AM)
AM;Rio Preto da Eva (AM)
AM;Santa Isabel do Rio Negro (AM)
AM;Santo Antônio do Içá (AM)
AM;São Gabriel da Cachoeira (AM)
AM;São Paulo de Olivença (AM)
AM;São Sebastião do Uatumã (AM)
AM;Silves (AM)
AM;Tabatinga (AM)
AM;Tapauá (AM)
AM;Tefé (AM)
AM;Tonantins (AM)
AM;Uarini (AM)
AM;Urucará (AM)
AM;Urucurituba (AM)
RR;Amajari (RR)
RR;Alto Alegre (RR)
RR;Boa Vista (RR)
RR;Bonfim (RR)
RR;Cantá (RR)
RR;Caracaraí (RR)
RR;Caroebe (RR)
RR;Iracema (RR)
RR;Mucajaí (RR)
RR;Normandia (RR)
RR;Pacaraima (RR)
RR;Rorainópolis (RR)
RR;São João da Baliza (RR)
RR;São Luiz (RR)
RR;Uiramutã (RR)
PA;Abaetetuba (PA)
PA;Abel Figueiredo (PA)
PA;Acará (PA)
PA;Afuá (PA)
PA;Água Azul do Norte (PA)
PA;Alenquer (PA)
PA;Almeirim (PA)
PA;Altamira (PA)
PA;Anajás (PA)
PA;Ananindeua (PA)
PA;Anapu (PA)
PA;Augusto Corrêa (PA)
PA;Aurora do Pará (PA)
PA;Aveiro (PA)
PA;Bagre (PA)
PA;Baião (PA)
PA;Bannach (PA)
PA;Barcarena (PA)
PA;Belém (PA)
PA;Belterra (PA)
PA;Benevides (PA)
PA;Bom Jesus do Tocantins (PA)
PA;Bonito (PA)
PA;Bragança (PA)
PA;Brasil Novo (PA)
PA;Brejo Grande do Araguaia (PA)
PA;Breu Branco (PA)
PA;Breves (PA)
PA;Bujaru (PA)
PA;Cachoeira do Piriá (PA)
PA;Cachoeira do Arari (PA)
PA;Cametá (PA)
PA;Canaã dos Carajás (PA)
PA;Capanema (PA)
PA;Capitão Poço (PA)
PA;Castanhal (PA)
PA;Chaves (PA)
PA;Colares (PA)
PA;Conceição do Araguaia (PA)
PA;Concórdia do Pará (PA)
PA;Cumaru do Norte (PA)
PA;Curionópolis (PA)
PA;Curralinho (PA)
PA;Curuá (PA)
PA;Curuçá (PA)
PA;Dom Eliseu (PA)
PA;Eldorado do Carajás (PA)
PA;Faro (PA)
PA;Floresta do Araguaia (PA)
PA;Garrafão do Norte (PA)
PA;Goianésia do Pará (PA)
PA;Gurupá (PA)
PA;Igarapé-Açu (PA)
PA;Igarapé-Miri (PA)
PA;Inhangapi (PA)
PA;Ipixuna do Pará (PA)
PA;Irituia (PA)
PA;Itaituba (PA)
PA;Itupiranga (PA)
PA;Jacareacanga (PA)
PA;Jacundá (PA)
PA;Juruti (PA)
PA;Limoeiro do Ajuru (PA)
PA;Mãe do Rio (PA)
PA;Magalhães Barata (PA)
PA;Marabá (PA)
PA;Maracanã (PA)
PA;Marapanim (PA)
PA;Marituba (PA)
PA;Medicilândia (PA)
PA;Melgaço (PA)
PA;Mocajuba (PA)
PA;Moju (PA)
PA;Monte Alegre (PA)
PA;Muaná (PA)
PA;Nova Esperança do Piriá (PA)
PA;Nova Ipixuna (PA)
PA;Nova Timboteua (PA)
PA;Novo Progresso (PA)
PA;Novo Repartimento (PA)
PA;Óbidos (PA)
PA;Oeiras do Pará (PA)
PA;Oriximiná (PA)
PA;Ourém (PA)
PA;Ourilândia do Norte (PA)
PA;Pacajá (PA)
PA;Palestina do Pará (PA)
PA;Paragominas (PA)
PA;Parauapebas (PA)
PA;Pau D'Arco (PA)
PA;Peixe-Boi (PA)
PA;Piçarra (PA)
PA;Placas (PA)
PA;Ponta de Pedras (PA)
PA;Portel (PA)
PA;Porto de Moz (PA)
PA;Prainha (PA)
PA;Primavera (PA)
PA;Quatipuru (PA)
PA;Redenção (PA)
PA;Rio Maria (PA)
PA;Rondon do Pará (PA)
PA;Rurópolis (PA)
PA;Salinópolis (PA)
PA;Salvaterra (PA)
PA;Santa Bárbara do Pará (PA)
PA;Santa Cruz do Arari (PA)
PA;Santa Izabel do Pará (PA)
PA;Santa Luzia do Pará (PA)
PA;Santa Maria das Barreiras (PA)
PA;Santa Maria do Pará (PA)
PA;Santana do Araguaia (PA)
PA;Santarém (PA)
PA;Santarém Novo (PA)
PA;Santo Antônio do Tauá (PA)
PA;São Caetano de Odivelas (PA)
PA;São Domingos do Araguaia (PA)
PA;São Domingos do Capim (PA)
PA;São Félix do Xingu (PA)
PA;São Francisco do Pará (PA)
PA;São Geraldo do Araguaia (PA)
PA;São João da Ponta (PA)
PA;São João de Pirabas (PA)
PA;São João do Araguaia (PA)
PA;São Miguel do Guamá (PA)
PA;São Sebastião da Boa Vista (PA)
PA;Sapucaia (PA)
PA;Senador José Porfírio (PA)
PA;Soure (PA)
PA;Tailândia (PA)
PA;Terra Alta (PA)
PA;Terra Santa (PA)
PA;Tomé-Açu (PA)
PA;Tracuateua (PA)
PA;Trairão (PA)
PA;Tucumã (PA)
PA;Tucuruí (PA)
PA;Ulianópolis (PA)
PA;Uruará (PA)
PA;Vigia (PA)
PA;Viseu (PA)
PA;Vitória do Xingu (PA)
PA;Xinguara (PA)
AP;Serra do Navio (AP)
AP;Amapá (AP)
AP;Pedra Branca do Amapari (AP)
AP;Calçoene (AP)
AP;Cutias (AP)
AP;Ferreira Gomes (AP)
AP;Itaubal (AP)
AP;Laranjal do Jari (AP)
AP;Macapá (AP)
AP;Mazagão (AP)
AP;Oiapoque (AP)
AP;Porto Grande (AP)
AP;Pracuúba (AP)
AP;Santana (AP)
AP;Tartarugalzinho (AP)
AP;Vitória do Jari (AP)
TO;Abreulândia (TO)
TO;Aguiarnópolis (TO)
TO;Aliança do Tocantins (TO)
TO;Almas (TO)
TO;Alvorada (TO)
TO;Ananás (TO)
TO;Angico (TO)
TO;Aparecida do Rio Negro (TO)
TO;Aragominas (TO)
TO;Araguacema (TO)
TO;Araguaçu (TO)
TO;Araguaína (TO)
TO;Araguanã (TO)
TO;Araguatins (TO)
TO;Arapoema (TO)
TO;Arraias (TO)
TO;Augustinópolis (TO)
TO;Aurora do Tocantins (TO)
TO;Axixá do Tocantins (TO)
TO;Babaçulândia (TO)
TO;Bandeirantes do Tocantins (TO)
TO;Barra do Ouro (TO)
TO;Barrolândia (TO)
TO;Bernardo Sayão (TO)
TO;Bom Jesus do Tocantins (TO)
TO;Brasilândia do Tocantins (TO)
TO;Brejinho de Nazaré (TO)
TO;Buriti do Tocantins (TO)
TO;Cachoeirinha (TO)
TO;Campos Lindos (TO)
TO;Cariri do Tocantins (TO)
TO;Carmolândia (TO)
TO;Carrasco Bonito (TO)
TO;Caseara (TO)
TO;Centenário (TO)
TO;Chapada de Areia (TO)
TO;Chapada da Natividade (TO)
TO;Colinas do Tocantins (TO)
TO;Combinado (TO)
TO;Conceição do Tocantins (TO)
TO;Couto Magalhães (TO)
TO;Cristalândia (TO)
TO;Crixás do Tocantins (TO)
TO;Darcinópolis (TO)
TO;Dianópolis (TO)
TO;Divinópolis do Tocantins (TO)
TO;Dois Irmãos do Tocantins (TO)
TO;Dueré (TO)
TO;Esperantina (TO)
TO;Fátima (TO)
TO;Figueirópolis (TO)
TO;Filadélfia (TO)
TO;Formoso do Araguaia (TO)
TO;Tabocão (TO)
TO;Goianorte (TO)
TO;Goiatins (TO)
TO;Guaraí (TO)
TO;Gurupi (TO)
TO;Ipueiras (TO)
TO;Itacajá (TO)
TO;Itaguatins (TO)
TO;Itapiratins (TO)
TO;Itaporã do Tocantins (TO)
TO;Jaú do Tocantins (TO)
TO;Juarina (TO)
TO;Lagoa da Confusão (TO)
TO;Lagoa do Tocantins (TO)
TO;Lajeado (TO)
TO;Lavandeira (TO)
TO;Lizarda (TO)
TO;Luzinópolis (TO)
TO;Marianópolis do Tocantins (TO)
TO;Mateiros (TO)
TO;Maurilândia do Tocantins (TO)
TO;Miracema do Tocantins (TO)
TO;Miranorte (TO)
TO;Monte do Carmo (TO)
TO;Monte Santo do Tocantins (TO)
TO;Palmeiras do Tocantins (TO)
TO;Muricilândia (TO)
TO;Natividade (TO)
TO;Nazaré (TO)
TO;Nova Olinda (TO)
TO;Nova Rosalândia (TO)
TO;Novo Acordo (TO)
TO;Novo Alegre (TO)
TO;Novo Jardim (TO)
TO;Oliveira de Fátima (TO)
TO;Palmeirante (TO)
TO;Palmeirópolis (TO)
TO;Paraíso do Tocantins (TO)
TO;Paranã (TO)
TO;Pau D'Arco (TO)
TO;Pedro Afonso (TO)
TO;Peixe (TO)
TO;Pequizeiro (TO)
TO;Colméia (TO)
TO;Pindorama do Tocantins (TO)
TO;Piraquê (TO)
TO;Pium (TO)
TO;Ponte Alta do Bom Jesus (TO)
TO;Ponte Alta do Tocantins (TO)
TO;Porto Alegre do Tocantins (TO)
TO;Porto Nacional (TO)
TO;Praia Norte (TO)
TO;Presidente Kennedy (TO)
TO;Pugmil (TO)
TO;Recursolândia (TO)
TO;Riachinho (TO)
TO;Rio da Conceição (TO)
TO;Rio dos Bois (TO)
TO;Rio Sono (TO)
TO;Sampaio (TO)
TO;Sandolândia (TO)
TO;Santa Fé do Araguaia (TO)
TO;Santa Maria do Tocantins (TO)
TO;Santa Rita do Tocantins (TO)
TO;Santa Rosa do Tocantins (TO)
TO;Santa Tereza do Tocantins (TO)
TO;Santa Terezinha do Tocantins (TO)
TO;São Bento do Tocantins (TO)
TO;São Félix do Tocantins (TO)
TO;São Miguel do Tocantins (TO)
TO;São Salvador do Tocantins (TO)
TO;São Sebastião do Tocantins (TO)
TO;São Valério (TO)
TO;Silvanópolis (TO)
TO;Sítio Novo do Tocantins (TO)
TO;Sucupira (TO)
TO;Taguatinga (TO)
TO;Taipas do Tocantins (TO)
TO;Talismã (TO)
TO;Palmas (TO)
TO;Tocantínia (TO)
TO;Tocantinópolis (TO)
TO;Tupirama (TO)
TO;Tupiratins (TO)
TO;Wanderlândia (TO)
TO;Xambioá (TO)
MA;Açailândia (MA)
MA;Afonso Cunha (MA)
MA;Água Doce do Maranhão (MA)
MA;Alcântara (MA)
MA;Aldeias Altas (MA)
MA;Altamira do Maranhão (MA)
MA;Alto Alegre do Maranhão (MA)
MA;Alto Alegre do Pindaré (MA)
MA;Alto Parnaíba (MA)
MA;Amapá do Maranhão (MA)
MA;Amarante do Maranhão (MA)
MA;Anajatuba (MA)
MA;Anapurus (MA)
MA;Apicum-Açu (MA)
MA;Araguanã (MA)
MA;Araioses (MA)
MA;Arame (MA)
MA;Arari (MA)
MA;Axixá (MA)
MA;Bacabal (MA)
MA;Bacabeira (MA)
MA;Bacuri (MA)
MA;Bacurituba (MA)
MA;Balsas (MA)
MA;Barão de Grajaú (MA)
MA;Barra do Corda (MA)
MA;Barreirinhas (MA)
MA;Belágua (MA)
MA;Bela Vista do Maranhão (MA)
MA;Benedito Leite (MA)
MA;Bequimão (MA)
MA;Bernardo do Mearim (MA)
MA;Boa Vista do Gurupi (MA)
MA;Bom Jardim (MA)
MA;Bom Jesus das Selvas (MA)
MA;Bom Lugar (MA)
MA;Brejo (MA)
MA;Brejo de Areia (MA)
MA;Buriti (MA)
MA;Buriti Bravo (MA)
MA;Buriticupu (MA)
MA;Buritirana (MA)
MA;Cachoeira Grande (MA)
MA;Cajapió (MA)
MA;Cajari (MA)
MA;Campestre do Maranhão (MA)
MA;Cândido Mendes (MA)
MA;Cantanhede (MA)
MA;Capinzal do Norte (MA)
MA;Carolina (MA)
MA;Carutapera (MA)
MA;Caxias (MA)
MA;Cedral (MA)
MA;Central do Maranhão (MA)
MA;Centro do Guilherme (MA)
MA;Centro Novo do Maranhão (MA)
MA;Chapadinha (MA)
MA;Cidelândia (MA)
MA;Codó (MA)
MA;Coelho Neto (MA)
MA;Colinas (MA)
MA;Conceição do Lago-Açu (MA)
MA;Coroatá (MA)
MA;Cururupu (MA)
MA;Davinópolis (MA)
MA;Dom Pedro (MA)
MA;Duque Bacelar (MA)
MA;Esperantinópolis (MA)
MA;Estreito (MA)
MA;Feira Nova do Maranhão (MA)
MA;Fernando Falcão (MA)
MA;Formosa da Serra Negra (MA)
MA;Fortaleza dos Nogueiras (MA)
MA;Fortuna (MA)
MA;Godofredo Viana (MA)
MA;Gonçalves Dias (MA)
MA;Governador Archer (MA)
MA;Governador Edison Lobão (MA)
MA;Governador Eugênio Barros (MA)
MA;Governador Luiz Rocha (MA)
MA;Governador Newton Bello (MA)
MA;Governador Nunes Freire (MA)
MA;Graça Aranha (MA)
MA;Grajaú (MA)
MA;Guimarães (MA)
MA;Humberto de Campos (MA)
MA;Icatu (MA)
MA;Igarapé do Meio (MA)
MA;Igarapé Grande (MA)
MA;Imperatriz (MA)
MA;Itaipava do Grajaú (MA)
MA;Itapecuru Mirim (MA)
MA;Itinga do Maranhão (MA)
MA;Jatobá (MA)
MA;Jenipapo dos Vieiras (MA)
MA;João Lisboa (MA)
MA;Joselândia (MA)
MA;Junco do Maranhão (MA)
MA;Lago da Pedra (MA)
MA;Lago do Junco (MA)
MA;Lago Verde (MA)
MA;Lagoa do Mato (MA)
MA;Lago dos Rodrigues (MA)
MA;Lagoa Grande do Maranhão (MA)
MA;Lajeado Novo (MA)
MA;Lima Campos (MA)
MA;Loreto (MA)
MA;Luís Domingues (MA)
MA;Magalhães de Almeida (MA)
MA;Maracaçumé (MA)
MA;Marajá do Sena (MA)
MA;Maranhãozinho (MA)
MA;Mata Roma (MA)
MA;Matinha (MA)
MA;Matões (MA)
MA;Matões do Norte (MA)
MA;Milagres do Maranhão (MA)
MA;Mirador (MA)
MA;Miranda do Norte (MA)
MA;Mirinzal (MA)
MA;Monção (MA)
MA;Montes Altos (MA)
MA;Morros (MA)
MA;Nina Rodrigues (MA)
MA;Nova Colinas (MA)
MA;Nova Iorque (MA)
MA;Nova Olinda do Maranhão (MA)
MA;Olho d'Água das Cunhãs (MA)
MA;Olinda Nova do Maranhão (MA)
MA;Paço do Lumiar (MA)
MA;Palmeirândia (MA)
MA;Paraibano (MA)
MA;Parnarama (MA)
MA;Passagem Franca (MA)
MA;Pastos Bons (MA)
MA;Paulino Neves (MA)
MA;Paulo Ramos (MA)
MA;Pedreiras (MA)
MA;Pedro do Rosário (MA)
MA;Penalva (MA)
MA;Peri Mirim (MA)
MA;Peritoró (MA)
MA;Pindaré-Mirim (MA)
MA;Pinheiro (MA)
MA;Pio XII (MA)
MA;Pirapemas (MA)
MA;Poção de Pedras (MA)
MA;Porto Franco (MA)
MA;Porto Rico do Maranhão (MA)
MA;Presidente Dutra (MA)
MA;Presidente Juscelino (MA)
MA;Presidente Médici (MA)
MA;Presidente Sarney (MA)
MA;Presidente Vargas (MA)
MA;Primeira Cruz (MA)
MA;Raposa (MA)
MA;Riachão (MA)
MA;Ribamar Fiquene (MA)
MA;Rosário (MA)
MA;Sambaíba (MA)
MA;Santa Filomena do Maranhão (MA)
MA;Santa Helena (MA)
MA;Santa Inês (MA)
MA;Santa Luzia (MA)
MA;Santa Luzia do Paruá (MA)
MA;Santa Quitéria do Maranhão (MA)
MA;Santa Rita (MA)
MA;Santana do Maranhão (MA)
MA;Santo Amaro do Maranhão (MA)
MA;Santo Antônio dos Lopes (MA)
MA;São Benedito do Rio Preto (MA)
MA;São Bento (MA)
MA;São Bernardo (MA)
MA;São Domingos do Azeitão (MA)
MA;São Domingos do Maranhão (MA)
MA;São Félix de Balsas (MA)
MA;São Francisco do Brejão (MA)
MA;São Francisco do Maranhão (MA)
MA;São João Batista (MA)
MA;São João do Carú (MA)
MA;São João do Paraíso (MA)
MA;São João do Soter (MA)
MA;São João dos Patos (MA)
MA;São José de Ribamar (MA)
MA;São José dos Basílios (MA)
MA;São Luís (MA)
MA;São Luís Gonzaga do Maranhão (MA)
MA;São Mateus do Maranhão (MA)
MA;São Pedro da Água Branca (MA)
MA;São Pedro dos Crentes (MA)
MA;São Raimundo das Mangabeiras (MA)
MA;São Raimundo do Doca Bezerra (MA)
MA;São Roberto (MA)
MA;São Vicente Ferrer (MA)
MA;Satubinha (MA)
MA;Senador Alexandre Costa (MA)
MA;Senador La Rocque (MA)
MA;Serrano do Maranhão (MA)
MA;Sítio Novo (MA)
MA;Sucupira do Norte (MA)
MA;Sucupira do Riachão (MA)
MA;Tasso Fragoso (MA)
MA;Timbiras (MA)
MA;Timon (MA)
MA;Trizidela do Vale (MA)
MA;Tufilândia (MA)
MA;Tuntum (MA)
MA;Turiaçu (MA)
MA;Turilândia (MA)
MA;Tutóia (MA)
MA;Urbano Santos (MA)
MA;Vargem Grande (MA)
MA;Viana (MA)
MA;Vila Nova dos Martírios (MA)
MA;Vitória do Mearim (MA)
MA;Vitorino Freire (MA)
MA;Zé Doca (MA)
PI;Acauã (PI)
PI;Agricolândia (PI)
PI;Água Branca (PI)
PI;Alagoinha do Piauí (PI)
PI;Alegrete do Piauí (PI)
PI;Alto Longá (PI)
PI;Altos (PI)
PI;Alvorada do Gurguéia (PI)
PI;Amarante (PI)
PI;Angical do Piauí (PI)
PI;Anísio de Abreu (PI)
PI;Antônio Almeida (PI)
PI;Aroazes (PI)
PI;Aroeiras do Itaim (PI)
PI;Arraial (PI)
PI;Assunção do Piauí (PI)
PI;Avelino Lopes (PI)
PI;Baixa Grande do Ribeiro (PI)
PI;Barra D'Alcântara (PI)
PI;Barras (PI)
PI;Barreiras do Piauí (PI)
PI;Barro Duro (PI)
PI;Batalha (PI)
PI;Bela Vista do Piauí (PI)
PI;Belém do Piauí (PI)
PI;Beneditinos (PI)
PI;Bertolínia (PI)
PI;Betânia do Piauí (PI)
PI;Boa Hora (PI)
PI;Bocaina (PI)
PI;Bom Jesus (PI)
PI;Bom Princípio do Piauí (PI)
PI;Bonfim do Piauí (PI)
PI;Boqueirão do Piauí (PI)
PI;Brasileira (PI)
PI;Brejo do Piauí (PI)
PI;Buriti dos Lopes (PI)
PI;Buriti dos Montes (PI)
PI;Cabeceiras do Piauí (PI)
PI;Cajazeiras do Piauí (PI)
PI;Cajueiro da Praia (PI)
PI;Caldeirão Grande do Piauí (PI)
PI;Campinas do Piauí (PI)
PI;Campo Alegre do Fidalgo (PI)
PI;Campo Grande do Piauí (PI)
PI;Campo Largo do Piauí (PI)
PI;Campo Maior (PI)
PI;Canavieira (PI)
PI;Canto do Buriti (PI)
PI;Capitão de Campos (PI)
PI;Capitão Gervásio Oliveira (PI)
PI;Caracol (PI)
PI;Caraúbas do Piauí (PI)
PI;Caridade do Piauí (PI)
PI;Castelo do Piauí (PI)
PI;Caxingó (PI)
PI;Cocal (PI)
PI;Cocal de Telha (PI)
PI;Cocal dos Alves (PI)
PI;Coivaras (PI)
PI;Colônia do Gurguéia (PI)
PI;Colônia do Piauí (PI)
PI;Conceição do Canindé (PI)
PI;Coronel José Dias (PI)
PI;Corrente (PI)
PI;Cristalândia do Piauí (PI)
PI;Cristino Castro (PI)
PI;Curimatá (PI)
PI;Currais (PI)
PI;Curralinhos (PI)
PI;Curral Novo do Piauí (PI)
PI;Demerval Lobão (PI)
PI;Dirceu Arcoverde (PI)
PI;Dom Expedito Lopes (PI)
PI;Domingos Mourão (PI)
PI;Dom Inocêncio (PI)
PI;Elesbão Veloso (PI)
PI;Eliseu Martins (PI)
PI;Esperantina (PI)
PI;Fartura do Piauí (PI)
PI;Flores do Piauí (PI)
PI;Floresta do Piauí (PI)
PI;Floriano (PI)
PI;Francinópolis (PI)
PI;Francisco Ayres (PI)
PI;Francisco Macedo (PI)
PI;Francisco Santos (PI)
PI;Fronteiras (PI)
PI;Geminiano (PI)
PI;Gilbués (PI)
PI;Guadalupe (PI)
PI;Guaribas (PI)
PI;Hugo Napoleão (PI)
PI;Ilha Grande (PI)
PI;Inhuma (PI)
PI;Ipiranga do Piauí (PI)
PI;Isaías Coelho (PI)
PI;Itainópolis (PI)
PI;Itaueira (PI)
PI;Jacobina do Piauí (PI)
PI;Jaicós (PI)
PI;Jardim do Mulato (PI)
PI;Jatobá do Piauí (PI)
PI;Jerumenha (PI)
PI;João Costa (PI)
PI;Joaquim Pires (PI)
PI;Joca Marques (PI)
PI;José de Freitas (PI)
PI;Juazeiro do Piauí (PI)
PI;Júlio Borges (PI)
PI;Jurema (PI)
PI;Lagoinha do Piauí (PI)
PI;Lagoa Alegre (PI)
PI;Lagoa do Barro do Piauí (PI)
PI;Lagoa de São Francisco (PI)
PI;Lagoa do Piauí (PI)
PI;Lagoa do Sítio (PI)
PI;Landri Sales (PI)
PI;Luís Correia (PI)
PI;Luzilândia (PI)
PI;Madeiro (PI)
PI;Manoel Emídio (PI)
PI;Marcolândia (PI)
PI;Marcos Parente (PI)
PI;Massapê do Piauí (PI)
PI;Matias Olímpio (PI)
PI;Miguel Alves (PI)
PI;Miguel Leão (PI)
PI;Milton Brandão (PI)
PI;Monsenhor Gil (PI)
PI;Monsenhor Hipólito (PI)
PI;Monte Alegre do Piauí (PI)
PI;Morro Cabeça no Tempo (PI)
PI;Morro do Chapéu do Piauí (PI)
PI;Murici dos Portelas (PI)
PI;Nazaré do Piauí (PI)
PI;Nazária (PI)
PI;Nossa Senhora de Nazaré (PI)
PI;Nossa Senhora dos Remédios (PI)
PI;Novo Oriente do Piauí (PI)
PI;Novo Santo Antônio (PI)
PI;Oeiras (PI)
PI;Olho D'Água do Piauí (PI)
PI;Padre Marcos (PI)
PI;Paes Landim (PI)
PI;Pajeú do Piauí (PI)
PI;Palmeira do Piauí (PI)
PI;Palmeirais (PI)
PI;Paquetá (PI)
PI;Parnaguá (PI)
PI;Parnaíba (PI)
PI;Passagem Franca do Piauí (PI)
PI;Patos do Piauí (PI)
PI;Pau D'Arco do Piauí (PI)
PI;Paulistana (PI)
PI;Pavussu (PI)
PI;Pedro II (PI)
PI;Pedro Laurentino (PI)
PI;Nova Santa Rita (PI)
PI;Picos (PI)
PI;Pimenteiras (PI)
PI;Pio IX (PI)
PI;Piracuruca (PI)
PI;Piripiri (PI)
PI;Porto (PI)
PI;Porto Alegre do Piauí (PI)
PI;Prata do Piauí (PI)
PI;Queimada Nova (PI)
PI;Redenção do Gurguéia (PI)
PI;Regeneração (PI)
PI;Riacho Frio (PI)
PI;Ribeira do Piauí (PI)
PI;Ribeiro Gonçalves (PI)
PI;Rio Grande do Piauí (PI)
PI;Santa Cruz do Piauí (PI)
PI;Santa Cruz dos Milagres (PI)
PI;Santa Filomena (PI)
PI;Santa Luz (PI)
PI;Santana do Piauí (PI)
PI;Santa Rosa do Piauí (PI)
PI;Santo Antônio de Lisboa (PI)
PI;Santo Antônio dos Milagres (PI)
PI;Santo Inácio do Piauí (PI)
PI;São Braz do Piauí (PI)
PI;São Félix do Piauí (PI)
PI;São Francisco de Assis do Piauí (PI)
PI;São Francisco do Piauí (PI)
PI;São Gonçalo do Gurguéia (PI)
PI;São Gonçalo do Piauí (PI)
PI;São João da Canabrava (PI)
PI;São João da Fronteira (PI)
PI;São João da Serra (PI)
PI;São João da Varjota (PI)
PI;São João do Arraial (PI)
PI;São João do Piauí (PI)
PI;São José do Divino (PI)
PI;São José do Peixe (PI)
PI;São José do Piauí (PI)
PI;São Julião (PI)
PI;São Lourenço do Piauí (PI)
PI;São Luis do Piauí (PI)
PI;São Miguel da Baixa Grande (PI)
PI;São Miguel do Fidalgo (PI)
PI;São Miguel do Tapuio (PI)
PI;São Pedro do Piauí (PI)
PI;São Raimundo Nonato (PI)
PI;Sebastião Barros (PI)
PI;Sebastião Leal (PI)
PI;Sigefredo Pacheco (PI)
PI;Simões (PI)
PI;Simplício Mendes (PI)
PI;Socorro do Piauí (PI)
PI;Sussuapara (PI)
PI;Tamboril do Piauí (PI)
PI;Tanque do Piauí (PI)
PI;Teresina (PI)
PI;União (PI)
PI;Uruçuí (PI)
PI;Valença do Piauí (PI)
PI;Várzea Branca (PI)
PI;Várzea Grande (PI)
PI;Vera Mendes (PI)
PI;Vila Nova do Piauí (PI)
PI;Wall Ferraz (PI)
CE;Abaiara (CE)
CE;Acarape (CE)
CE;Acaraú (CE)
CE;Acopiara (CE)
CE;Aiuaba (CE)
CE;Alcântaras (CE)
CE;Altaneira (CE)
CE;Alto Santo (CE)
CE;Amontada (CE)
CE;Antonina do Norte (CE)
CE;Apuiarés (CE)
CE;Aquiraz (CE)
CE;Aracati (CE)
CE;Aracoiaba (CE)
CE;Ararendá (CE)
CE;Araripe (CE)
CE;Aratuba (CE)
CE;Arneiroz (CE)
CE;Assaré (CE)
CE;Aurora (CE)
CE;Baixio (CE)
CE;Banabuiú (CE)
CE;Barbalha (CE)
CE;Barreira (CE)
CE;Barro (CE)
CE;Barroquinha (CE)
CE;Baturité (CE)
CE;Beberibe (CE)
CE;Bela Cruz (CE)
CE;Boa Viagem (CE)
CE;Brejo Santo (CE)
CE;Camocim (CE)
CE;Campos Sales (CE)
CE;Canindé (CE)
CE;Capistrano (CE)
CE;Caridade (CE)
CE;Cariré (CE)
CE;Caririaçu (CE)
CE;Cariús (CE)
CE;Carnaubal (CE)
CE;Cascavel (CE)
CE;Catarina (CE)
CE;Catunda (CE)
CE;Caucaia (CE)
CE;Cedro (CE)
CE;Chaval (CE)
CE;Choró (CE)
CE;Chorozinho (CE)
CE;Coreaú (CE)
CE;Crateús (CE)
CE;Crato (CE)
CE;Croatá (CE)
CE;Cruz (CE)
CE;Deputado Irapuan Pinheiro (CE)
CE;Ereré (CE)
CE;Eusébio (CE)
CE;Farias Brito (CE)
CE;Forquilha (CE)
CE;Fortaleza (CE)
CE;Fortim (CE)
CE;Frecheirinha (CE)
CE;General Sampaio (CE)
CE;Graça (CE)
CE;Granja (CE)
CE;Granjeiro (CE)
CE;Groaíras (CE)
CE;Guaiúba (CE)
CE;Guaraciaba do Norte (CE)
CE;Guaramiranga (CE)
CE;Hidrolândia (CE)
CE;Horizonte (CE)
CE;Ibaretama (CE)
CE;Ibiapina (CE)
CE;Ibicuitinga (CE)
CE;Icapuí (CE)
CE;Icó (CE)
CE;Iguatu (CE)
CE;Independência (CE)
CE;Ipaporanga (CE)
CE;Ipaumirim (CE)
CE;Ipu (CE)
CE;Ipueiras (CE)
CE;Iracema (CE)
CE;Irauçuba (CE)
CE;Itaiçaba (CE)
CE;Itaitinga (CE)
CE;Itapajé (CE)
CE;Itapipoca (CE)
CE;Itapiúna (CE)
CE;Itarema (CE)
CE;Itatira (CE)
CE;Jaguaretama (CE)
CE;Jaguaribara (CE)
CE;Jaguaribe (CE)
CE;Jaguaruana (CE)
CE;Jardim (CE)
CE;Jati (CE)
CE;Jijoca de Jericoacoara (CE)
CE;Juazeiro do Norte (CE)
CE;Jucás (CE)
CE;Lavras da Mangabeira (CE)
CE;Limoeiro do Norte (CE)
CE;Madalena (CE)
CE;Maracanaú (CE)
CE;Maranguape (CE)
CE;Marco (CE)
CE;Martinópole (CE)
CE;Massapê (CE)
CE;Mauriti (CE)
CE;Meruoca (CE)
CE;Milagres (CE)
CE;Milhã (CE)
CE;Miraíma (CE)
CE;Missão Velha (CE)
CE;Mombaça (CE)
CE;Monsenhor Tabosa (CE)
CE;Morada Nova (CE)
CE;Moraújo (CE)
CE;Morrinhos (CE)
CE;Mucambo (CE)
CE;Mulungu (CE)
CE;Nova Olinda (CE)
CE;Nova Russas (CE)
CE;Novo Oriente (CE)
CE;Ocara (CE)
CE;Orós (CE)
CE;Pacajus (CE)
CE;Pacatuba (CE)
CE;Pacoti (CE)
CE;Pacujá (CE)
CE;Palhano (CE)
CE;Palmácia (CE)
CE;Paracuru (CE)
CE;Paraipaba (CE)
CE;Parambu (CE)
CE;Paramoti (CE)
CE;Pedra Branca (CE)
CE;Penaforte (CE)
CE;Pentecoste (CE)
CE;Pereiro (CE)
CE;Pindoretama (CE)
CE;Piquet Carneiro (CE)
CE;Pires Ferreira (CE)
CE;Poranga (CE)
CE;Porteiras (CE)
CE;Potengi (CE)
CE;Potiretama (CE)
CE;Quiterianópolis (CE)
CE;Quixadá (CE)
CE;Quixelô (CE)
CE;Quixeramobim (CE)
CE;Quixeré (CE)
CE;Redenção (CE)
CE;Reriutaba (CE)
CE;Russas (CE)
CE;Saboeiro (CE)
CE;Salitre (CE)
CE;Santana do Acaraú (CE)
CE;Santana do Cariri (CE)
CE;Santa Quitéria (CE)
CE;São Benedito (CE)
CE;São Gonçalo do Amarante (CE)
CE;São João do Jaguaribe (CE)
CE;São Luís do Curu (CE)
CE;Senador Pompeu (CE)
CE;Senador Sá (CE)
CE;Sobral (CE)
CE;Solonópole (CE)
CE;Tabuleiro do Norte (CE)
CE;Tamboril (CE)
CE;Tarrafas (CE)
CE;Tauá (CE)
CE;Tejuçuoca (CE)
CE;Tianguá (CE)
CE;Trairi (CE)
CE;Tururu (CE)
CE;Ubajara (CE)
CE;Umari (CE)
CE;Umirim (CE)
CE;Uruburetama (CE)
CE;Uruoca (CE)
CE;Varjota (CE)
CE;Várzea Alegre (CE)
CE;Viçosa do Ceará (CE)
CE;Cococi (CE)
RN;Acari (RN)
RN;Açu (RN)
RN;Afonso Bezerra (RN)
RN;Água Nova (RN)
RN;Alexandria (RN)
RN;Almino Afonso (RN)
RN;Alto do Rodrigues (RN)
RN;Angicos (RN)
RN;Antônio Martins (RN)
RN;Apodi (RN)
RN;Areia Branca (RN)
RN;Arês (RN)
RN;Campo Grande (RN)
RN;Baía Formosa (RN)
RN;Baraúna (RN)
RN;Barcelona (RN)
RN;Bento Fernandes (RN)
RN;Bodó (RN)
RN;Bom Jesus (RN)
RN;Brejinho (RN)
RN;Caiçara do Norte (RN)
RN;Caiçara do Rio do Vento (RN)
RN;Caicó (RN)
RN;Campo Redondo (RN)
RN;Canguaretama (RN)
RN;Caraúbas (RN)
RN;Carnaúba dos Dantas (RN)
RN;Carnaubais (RN)
RN;Ceará-Mirim (RN)
RN;Cerro Corá (RN)
RN;Coronel Ezequiel (RN)
RN;Coronel João Pessoa (RN)
RN;Cruzeta (RN)
RN;Currais Novos (RN)
RN;Doutor Severiano (RN)
RN;Parnamirim (RN)
RN;Encanto (RN)
RN;Equador (RN)
RN;Espírito Santo (RN)
RN;Extremoz (RN)
RN;Felipe Guerra (RN)
RN;Fernando Pedroza (RN)
RN;Florânia (RN)
RN;Francisco Dantas (RN)
RN;Frutuoso Gomes (RN)
RN;Galinhos (RN)
RN;Goianinha (RN)
RN;Governador Dix-Sept Rosado (RN)
RN;Grossos (RN)
RN;Guamaré (RN)
RN;Ielmo Marinho (RN)
RN;Ipanguaçu (RN)
RN;Ipueira (RN)
RN;Itajá (RN)
RN;Itaú (RN)
RN;Jaçanã (RN)
RN;Jandaíra (RN)
RN;Janduís (RN)
RN;Januário Cicco (RN)
RN;Japi (RN)
RN;Jardim de Angicos (RN)
RN;Jardim de Piranhas (RN)
RN;Jardim do Seridó (RN)
RN;João Câmara (RN)
RN;João Dias (RN)
RN;José da Penha (RN)
RN;Jucurutu (RN)
RN;Jundiá (RN)
RN;Lagoa d'Anta (RN)
RN;Lagoa de Pedras (RN)
RN;Lagoa de Velhos (RN)
RN;Lagoa Nova (RN)
RN;Lagoa Salgada (RN)
RN;Lajes (RN)
RN;Lajes Pintadas (RN)
RN;Lucrécia (RN)
RN;Luís Gomes (RN)
RN;Macaíba (RN)
RN;Macau (RN)
RN;Major Sales (RN)
RN;Marcelino Vieira (RN)
RN;Martins (RN)
RN;Maxaranguape (RN)
RN;Messias Targino (RN)
RN;Montanhas (RN)
RN;Monte Alegre (RN)
RN;Monte das Gameleiras (RN)
RN;Mossoró (RN)
RN;Natal (RN)
RN;Nísia Floresta (RN)
RN;Nova Cruz (RN)
RN;Olho d'Água do Borges (RN)
RN;Ouro Branco (RN)
RN;Paraná (RN)
RN;Paraú (RN)
RN;Parazinho (RN)
RN;Parelhas (RN)
RN;Rio do Fogo (RN)
RN;Passa e Fica (RN)
RN;Passagem (RN)
RN;Patu (RN)
RN;Santa Maria (RN)
RN;Pau dos Ferros (RN)
RN;Pedra Grande (RN)
RN;Pedra Preta (RN)
RN;Pedro Avelino (RN)
RN;Pedro Velho (RN)
RN;Pendências (RN)
RN;Pilões (RN)
RN;Poço Branco (RN)
RN;Portalegre (RN)
RN;Porto do Mangue (RN)
RN;Serra Caiada (RN)
RN;Pureza (RN)
RN;Rafael Fernandes (RN)
RN;Rafael Godeiro (RN)
RN;Riacho da Cruz (RN)
RN;Riacho de Santana (RN)
RN;Riachuelo (RN)
RN;Rodolfo Fernandes (RN)
RN;Tibau (RN)
RN;Ruy Barbosa (RN)
RN;Santa Cruz (RN)
RN;Santana do Matos (RN)
RN;Santana do Seridó (RN)
RN;Santo Antônio (RN)
RN;São Bento do Norte (RN)
RN;São Bento do Trairí (RN)
RN;São Fernando (RN)
RN;São Francisco do Oeste (RN)
RN;São Gonçalo do Amarante (RN)
RN;São João do Sabugi (RN)
RN;São José de Mipibu (RN)
RN;São José do Campestre (RN)
RN;São José do Seridó (RN)
RN;São Miguel (RN)
RN;São Miguel do Gostoso (RN)
RN;São Paulo do Potengi (RN)
RN;São Pedro (RN)
RN;São Rafael (RN)
RN;São Tomé (RN)
RN;São Vicente (RN)
RN;Senador Elói de Souza (RN)
RN;Senador Georgino Avelino (RN)
RN;Serra de São Bento (RN)
RN;Serra do Mel (RN)
RN;Serra Negra do Norte (RN)
RN;Serrinha (RN)
RN;Serrinha dos Pintos (RN)
RN;Severiano Melo (RN)
RN;Sítio Novo (RN)
RN;Taboleiro Grande (RN)
RN;Taipu (RN)
RN;Tangará (RN)
RN;Tenente Ananias (RN)
RN;Tenente Laurentino Cruz (RN)
RN;Tibau do Sul (RN)
RN;Timbaúba dos Batistas (RN)
RN;Touros (RN)
RN;Triunfo Potiguar (RN)
RN;Umarizal (RN)
RN;Upanema (RN)
RN;Várzea (RN)
RN;Venha-Ver (RN)
RN;Vera Cruz (RN)
RN;Viçosa (RN)
RN;Vila Flor (RN)
PB;Água Branca (PB)
PB;Aguiar (PB)
PB;Alagoa Grande (PB)
PB;Alagoa Nova (PB)
PB;Alagoinha (PB)
PB;Alcantil (PB)
PB;Algodão de Jandaíra (PB)
PB;Alhandra (PB)
PB;São João do Rio do Peixe (PB)
PB;Amparo (PB)
PB;Aparecida (PB)
PB;Araçagi (PB)
PB;Arara (PB)
PB;Araruna (PB)
PB;Areia (PB)
PB;Areia de Baraúnas (PB)
PB;Areial (PB)
PB;Aroeiras (PB)
PB;Assunção (PB)
PB;Baía da Traição (PB)
PB;Bananeiras (PB)
PB;Baraúna (PB)
PB;Barra de Santana (PB)
PB;Barra de Santa Rosa (PB)
PB;Barra de São Miguel (PB)
PB;Bayeux (PB)
PB;Belém (PB)
PB;Belém do Brejo do Cruz (PB)
PB;Bernardino Batista (PB)
PB;Boa Ventura (PB)
PB;Boa Vista (PB)
PB;Bom Jesus (PB)
PB;Bom Sucesso (PB)
PB;Bonito de Santa Fé (PB)
PB;Boqueirão (PB)
PB;Igaracy (PB)
PB;Borborema (PB)
PB;Brejo do Cruz (PB)
PB;Brejo dos Santos (PB)
PB;Caaporã (PB)
PB;Cabaceiras (PB)
PB;Cabedelo (PB)
PB;Cachoeira dos Índios (PB)
PB;Cacimba de Areia (PB)
PB;Cacimba de Dentro (PB)
PB;Cacimbas (PB)
PB;Caiçara (PB)
PB;Cajazeiras (PB)
PB;Cajazeirinhas (PB)
PB;Caldas Brandão (PB)
PB;Camalaú (PB)
PB;Campina Grande (PB)
PB;Capim (PB)
PB;Caraúbas (PB)
PB;Carrapateira (PB)
PB;Casserengue (PB)
PB;Catingueira (PB)
PB;Catolé do Rocha (PB)
PB;Caturité (PB)
PB;Conceição (PB)
PB;Condado (PB)
PB;Conde (PB)
PB;Congo (PB)
PB;Coremas (PB)
PB;Coxixola (PB)
PB;Cruz do Espírito Santo (PB)
PB;Cubati (PB)
PB;Cuité (PB)
PB;Cuitegi (PB)
PB;Cuité de Mamanguape (PB)
PB;Curral de Cima (PB)
PB;Curral Velho (PB)
PB;Damião (PB)
PB;Desterro (PB)
PB;Vista Serrana (PB)
PB;Diamante (PB)
PB;Dona Inês (PB)
PB;Duas Estradas (PB)
PB;Emas (PB)
PB;Esperança (PB)
PB;Fagundes (PB)
PB;Frei Martinho (PB)
PB;Gado Bravo (PB)
PB;Guarabira (PB)
PB;Gurinhém (PB)
PB;Gurjão (PB)
PB;Ibiara (PB)
PB;Imaculada (PB)
PB;Ingá (PB)
PB;Itabaiana (PB)
PB;Itaporanga (PB)
PB;Itapororoca (PB)
PB;Itatuba (PB)
PB;Jacaraú (PB)
PB;Jericó (PB)
PB;João Pessoa (PB)
PB;Juarez Távora (PB)
PB;Juazeirinho (PB)
PB;Junco do Seridó (PB)
PB;Juripiranga (PB)
PB;Juru (PB)
PB;Lagoa (PB)
PB;Lagoa de Dentro (PB)
PB;Lagoa Seca (PB)
PB;Lastro (PB)
PB;Livramento (PB)
PB;Logradouro (PB)
PB;Lucena (PB)
PB;Mãe d'Água (PB)
PB;Malta (PB)
PB;Mamanguape (PB)
PB;Manaíra (PB)
PB;Marcação (PB)
PB;Mari (PB)
PB;Marizópolis (PB)
PB;Massaranduba (PB)
PB;Mataraca (PB)
PB;Matinhas (PB)
PB;Mato Grosso (PB)
PB;Maturéia (PB)
PB;Mogeiro (PB)
PB;Montadas (PB)
PB;Monte Horebe (PB)
PB;Monteiro (PB)
PB;Mulungu (PB)
PB;Natuba (PB)
PB;Nazarezinho (PB)
PB;Nova Floresta (PB)
PB;Nova Olinda (PB)
PB;Nova Palmeira (PB)
PB;Olho d'Água (PB)
PB;Olivedos (PB)
PB;Ouro Velho (PB)
PB;Parari (PB)
PB;Passagem (PB)
PB;Patos (PB)
PB;Paulista (PB)
PB;Pedra Branca (PB)
PB;Pedra Lavrada (PB)
PB;Pedras de Fogo (PB)
PB;Piancó (PB)
PB;Picuí (PB)
PB;Pilar (PB)
PB;Pilões (PB)
PB;Pilõezinhos (PB)
PB;Pirpirituba (PB)
PB;Pitimbu (PB)
PB;Pocinhos (PB)
PB;Poço Dantas (PB)
PB;Poço de José de Moura (PB)
PB;Pombal (PB)
PB;Prata (PB)
PB;Princesa Isabel (PB)
PB;Puxinanã (PB)
PB;Queimadas (PB)
PB;Quixaba (PB)
PB;Remígio (PB)
PB;Pedro Régis (PB)
PB;Riachão (PB)
PB;Riachão do Bacamarte (PB)
PB;Riachão do Poço (PB)
PB;Riacho de Santo Antônio (PB)
PB;Riacho dos Cavalos (PB)
PB;Rio Tinto (PB)
PB;Salgadinho (PB)
PB;Salgado de São Félix (PB)
PB;Santa Cecília (PB)
PB;Santa Cruz (PB)
PB;Santa Helena (PB)
PB;Santa Inês (PB)
PB;Santa Luzia (PB)
PB;Santana de Mangueira (PB)
PB;Santana dos Garrotes (PB)
PB;Joca Claudino (PB)
PB;Santa Rita (PB)
PB;Santa Teresinha (PB)
PB;Santo André (PB)
PB;São Bento (PB)
PB;São Bentinho (PB)
PB;São Domingos do Cariri (PB)
PB;São Domingos (PB)
PB;São Francisco (PB)
PB;São João do Cariri (PB)
PB;São João do Tigre (PB)
PB;São José da Lagoa Tapada (PB)
PB;São José de Caiana (PB)
PB;São José de Espinharas (PB)
PB;São José dos Ramos (PB)
PB;São José de Piranhas (PB)
PB;São José de Princesa (PB)
PB;São José do Bonfim (PB)
PB;São José do Brejo do Cruz (PB)
PB;São José do Sabugi (PB)
PB;São José dos Cordeiros (PB)
PB;São Mamede (PB)
PB;São Miguel de Taipu (PB)
PB;São Sebastião de Lagoa de Roça (PB)
PB;São Sebastião do Umbuzeiro (PB)
PB;Sapé (PB)
PB;São Vicente do Seridó (PB)
PB;Serra Branca (PB)
PB;Serra da Raiz (PB)
PB;Serra Grande (PB)
PB;Serra Redonda (PB)
PB;Serraria (PB)
PB;Sertãozinho (PB)
PB;Sobrado (PB)
PB;Solânea (PB)
PB;Soledade (PB)
PB;Sossêgo (PB)
PB;Sousa (PB)
PB;Sumé (PB)
PB;Tacima (PB)
PB;Taperoá (PB)
PB;Tavares (PB)
PB;Teixeira (PB)
PB;Tenório (PB)
PB;Triunfo (PB)
PB;Uiraúna (PB)
PB;Umbuzeiro (PB)
PB;Várzea (PB)
PB;Vieirópolis (PB)
PB;Zabelê (PB)
PE;Abreu e Lima (PE)
PE;Afogados da Ingazeira (PE)
PE;Afrânio (PE)
PE;Agrestina (PE)
PE;Água Preta (PE)
PE;Águas Belas (PE)
PE;Alagoinha (PE)
PE;Aliança (PE)
PE;Altinho (PE)
PE;Amaraji (PE)
PE;Angelim (PE)
PE;Araçoiaba (PE)
PE;Araripina (PE)
PE;Arcoverde (PE)
PE;Barra de Guabiraba (PE)
PE;Barreiros (PE)
PE;Belém de Maria (PE)
PE;Belém do São Francisco (PE)
PE;Belo Jardim (PE)
PE;Betânia (PE)
PE;Bezerros (PE)
PE;Bodocó (PE)
PE;Bom Conselho (PE)
PE;Bom Jardim (PE)
PE;Bonito (PE)
PE;Brejão (PE)
PE;Brejinho (PE)
PE;Brejo da Madre de Deus (PE)
PE;Buenos Aires (PE)
PE;Buíque (PE)
PE;Cabo de Santo Agostinho (PE)
PE;Cabrobó (PE)
PE;Cachoeirinha (PE)
PE;Caetés (PE)
PE;Calçado (PE)
PE;Calumbi (PE)
PE;Camaragibe (PE)
PE;Camocim de São Félix (PE)
PE;Camutanga (PE)
PE;Canhotinho (PE)
PE;Capoeiras (PE)
PE;Carnaíba (PE)
PE;Carnaubeira da Penha (PE)
PE;Carpina (PE)
PE;Caruaru (PE)
PE;Casinhas (PE)
PE;Catende (PE)
PE;Cedro (PE)
PE;Chã de Alegria (PE)
PE;Chã Grande (PE)
PE;Condado (PE)
PE;Correntes (PE)
PE;Cortês (PE)
PE;Cumaru (PE)
PE;Cupira (PE)
PE;Custódia (PE)
PE;Dormentes (PE)
PE;Escada (PE)
PE;Exu (PE)
PE;Feira Nova (PE)
PE;Fernando de Noronha (PE)
PE;Ferreiros (PE)
PE;Flores (PE)
PE;Floresta (PE)
PE;Frei Miguelinho (PE)
PE;Gameleira (PE)
PE;Garanhuns (PE)
PE;Glória do Goitá (PE)
PE;Goiana (PE)
PE;Granito (PE)
PE;Gravatá (PE)
PE;Iati (PE)
PE;Ibimirim (PE)
PE;Ibirajuba (PE)
PE;Igarassu (PE)
PE;Iguaracy (PE)
PE;Inajá (PE)
PE;Ingazeira (PE)
PE;Ipojuca (PE)
PE;Ipubi (PE)
PE;Itacuruba (PE)
PE;Itaíba (PE)
PE;Ilha de Itamaracá (PE)
PE;Itambé (PE)
PE;Itapetim (PE)
PE;Itapissuma (PE)
PE;Itaquitinga (PE)
PE;Jaboatão dos Guararapes (PE)
PE;Jaqueira (PE)
PE;Jataúba (PE)
PE;Jatobá (PE)
PE;João Alfredo (PE)
PE;Joaquim Nabuco (PE)
PE;Jucati (PE)
PE;Jupi (PE)
PE;Jurema (PE)
PE;Lagoa do Carro (PE)
PE;Lagoa de Itaenga (PE)
PE;Lagoa do Ouro (PE)
PE;Lagoa dos Gatos (PE)
PE;Lagoa Grande (PE)
PE;Lajedo (PE)
PE;Limoeiro (PE)
PE;Macaparana (PE)
PE;Machados (PE)
PE;Manari (PE)
PE;Maraial (PE)
PE;Mirandiba (PE)
PE;Moreno (PE)
PE;Nazaré da Mata (PE)
PE;Olinda (PE)
PE;Orobó (PE)
PE;Orocó (PE)
PE;Ouricuri (PE)
PE;Palmares (PE)
PE;Palmeirina (PE)
PE;Panelas (PE)
PE;Paranatama (PE)
PE;Parnamirim (PE)
PE;Passira (PE)
PE;Paudalho (PE)
PE;Paulista (PE)
PE;Pedra (PE)
PE;Pesqueira (PE)
PE;Petrolândia (PE)
PE;Petrolina (PE)
PE;Poção (PE)
PE;Pombos (PE)
PE;Primavera (PE)
PE;Quipapá (PE)
PE;Quixaba (PE)
PE;Recife (PE)
PE;Riacho das Almas (PE)
PE;Ribeirão (PE)
PE;Rio Formoso (PE)
PE;Sairé (PE)
PE;Salgadinho (PE)
PE;Salgueiro (PE)
PE;Saloá (PE)
PE;Sanharó (PE)
PE;Santa Cruz (PE)
PE;Santa Cruz da Baixa Verde (PE)
PE;Santa Cruz do Capibaribe (PE)
PE;Santa Filomena (PE)
PE;Santa Maria da Boa Vista (PE)
PE;Santa Maria do Cambucá (PE)
PE;Santa Terezinha (PE)
PE;São Benedito do Sul (PE)
PE;São Bento do Una (PE)
PE;São Caitano (PE)
PE;São João (PE)
PE;São Joaquim do Monte (PE)
PE;São José da Coroa Grande (PE)
PE;São José do Belmonte (PE)
PE;São José do Egito (PE)
PE;São Lourenço da Mata (PE)
PE;São Vicente Férrer (PE)
PE;Serra Talhada (PE)
PE;Serrita (PE)
PE;Sertânia (PE)
PE;Sirinhaém (PE)
PE;Moreilândia (PE)
PE;Solidão (PE)
PE;Surubim (PE)
PE;Tabira (PE)
PE;Tacaimbó (PE)
PE;Tacaratu (PE)
PE;Tamandaré (PE)
PE;Taquaritinga do Norte (PE)
PE;Terezinha (PE)
PE;Terra Nova (PE)
PE;Timbaúba (PE)
PE;Toritama (PE)
PE;Tracunhaém (PE)
PE;Trindade (PE)
PE;Triunfo (PE)
PE;Tupanatinga (PE)
PE;Tuparetama (PE)
PE;Venturosa (PE)
PE;Verdejante (PE)
PE;Vertente do Lério (PE)
PE;Vertentes (PE)
PE;Vicência (PE)
PE;Vitória de Santo Antão (PE)
PE;Xexéu (PE)
AL;Água Branca (AL)
AL;Anadia (AL)
AL;Arapiraca (AL)
AL;Atalaia (AL)
AL;Barra de Santo Antônio (AL)
AL;Barra de São Miguel (AL)
AL;Batalha (AL)
AL;Belém (AL)
AL;Belo Monte (AL)
AL;Boca da Mata (AL)
AL;Branquinha (AL)
AL;Cacimbinhas (AL)
AL;Cajueiro (AL)
AL;Campestre (AL)
AL;Campo Alegre (AL)
AL;Campo Grande (AL)
AL;Canapi (AL)
AL;Capela (AL)
AL;Carneiros (AL)
AL;Chã Preta (AL)
AL;Coité do Nóia (AL)
AL;Colônia Leopoldina (AL)
AL;Coqueiro Seco (AL)
AL;Coruripe (AL)
AL;Craíbas (AL)
AL;Delmiro Gouveia (AL)
AL;Dois Riachos (AL)
AL;Estrela de Alagoas (AL)
AL;Feira Grande (AL)
AL;Feliz Deserto (AL)
AL;Flexeiras (AL)
AL;Girau do Ponciano (AL)
AL;Ibateguara (AL)
AL;Igaci (AL)
AL;Igreja Nova (AL)
AL;Inhapi (AL)
AL;Jacaré dos Homens (AL)
AL;Jacuípe (AL)
AL;Japaratinga (AL)
AL;Jaramataia (AL)
AL;Jequiá da Praia (AL)
AL;Joaquim Gomes (AL)
AL;Jundiá (AL)
AL;Junqueiro (AL)
AL;Lagoa da Canoa (AL)
AL;Limoeiro de Anadia (AL)
AL;Maceió (AL)
AL;Major Isidoro (AL)
AL;Maragogi (AL)
AL;Maravilha (AL)
AL;Marechal Deodoro (AL)
AL;Maribondo (AL)
AL;Mar Vermelho (AL)
AL;Mata Grande (AL)
AL;Matriz de Camaragibe (AL)
AL;Messias (AL)
AL;Minador do Negrão (AL)
AL;Monteirópolis (AL)
AL;Murici (AL)
AL;Novo Lino (AL)
AL;Olho d'Água das Flores (AL)
AL;Olho d'Água do Casado (AL)
AL;Olho d'Água Grande (AL)
AL;Olivença (AL)
AL;Ouro Branco (AL)
AL;Palestina (AL)
AL;Palmeira dos Índios (AL)
AL;Pão de Açúcar (AL)
AL;Pariconha (AL)
AL;Paripueira (AL)
AL;Passo de Camaragibe (AL)
AL;Paulo Jacinto (AL)
AL;Penedo (AL)
AL;Piaçabuçu (AL)
AL;Pilar (AL)
AL;Pindoba (AL)
AL;Piranhas (AL)
AL;Poço das Trincheiras (AL)
AL;Porto Calvo (AL)
AL;Porto de Pedras (AL)
AL;Porto Real do Colégio (AL)
AL;Quebrangulo (AL)
AL;Rio Largo (AL)
AL;Roteiro (AL)
AL;Santa Luzia do Norte (AL)
AL;Santana do Ipanema (AL)
AL;Santana do Mundaú (AL)
AL;São Brás (AL)
AL;São José da Laje (AL)
AL;São José da Tapera (AL)
AL;São Luís do Quitunde (AL)
AL;São Miguel dos Campos (AL)
AL;São Miguel dos Milagres (AL)
AL;São Sebastião (AL)
AL;Satuba (AL)
AL;Senador Rui Palmeira (AL)
AL;Tanque d'Arca (AL)
AL;Taquarana (AL)
AL;Teotônio Vilela (AL)
AL;Traipu (AL)
AL;União dos Palmares (AL)
AL;Viçosa (AL)
SE;Amparo do São Francisco (SE)
SE;Aquidabã (SE)
SE;Aracaju (SE)
SE;Arauá (SE)
SE;Areia Branca (SE)
SE;Barra dos Coqueiros (SE)
SE;Boquim (SE)
SE;Brejo Grande (SE)
SE;Campo do Brito (SE)
SE;Canhoba (SE)
SE;Canindé de São Francisco (SE)
SE;Capela (SE)
SE;Carira (SE)
SE;Carmópolis (SE)
SE;Cedro de São João (SE)
SE;Cristinápolis (SE)
SE;Cumbe (SE)
SE;Divina Pastora (SE)
SE;Estância (SE)
SE;Feira Nova (SE)
SE;Frei Paulo (SE)
SE;Gararu (SE)
SE;General Maynard (SE)
SE;Gracho Cardoso (SE)
SE;Ilha das Flores (SE)
SE;Indiaroba (SE)
SE;Itabaiana (SE)
SE;Itabaianinha (SE)
SE;Itabi (SE)
SE;Itaporanga d'Ajuda (SE)
SE;Japaratuba (SE)
SE;Japoatã (SE)
SE;Lagarto (SE)
SE;Laranjeiras (SE)
SE;Macambira (SE)
SE;Malhada dos Bois (SE)
SE;Malhador (SE)
SE;Maruim (SE)
SE;Moita Bonita (SE)
SE;Monte Alegre de Sergipe (SE)
SE;Muribeca (SE)
SE;Neópolis (SE)
SE;Nossa Senhora Aparecida (SE)
SE;Nossa Senhora da Glória (SE)
SE;Nossa Senhora das Dores (SE)
SE;Nossa Senhora de Lourdes (SE)
SE;Nossa Senhora do Socorro (SE)
SE;Pacatuba (SE)
SE;Pedra Mole (SE)
SE;Pedrinhas (SE)
SE;Pinhão (SE)
SE;Pirambu (SE)
SE;Poço Redondo (SE)
SE;Poço Verde (SE)
SE;Porto da Folha (SE)
SE;Propriá (SE)
SE;Riachão do Dantas (SE)
SE;Riachuelo (SE)
SE;Ribeirópolis (SE)
SE;Rosário do Catete (SE)
SE;Salgado (SE)
SE;Santa Luzia do Itanhy (SE)
SE;Santana do São Francisco (SE)
SE;Santa Rosa de Lima (SE)
SE;Santo Amaro das Brotas (SE)
SE;São Cristóvão (SE)
SE;São Domingos (SE)
SE;São Francisco (SE)
SE;São Miguel do Aleixo (SE)
SE;Simão Dias (SE)
SE;Siriri (SE)
SE;Telha (SE)
SE;Tobias Barreto (SE)
SE;Tomar do Geru (SE)
SE;Umbaúba (SE)
BA;Abaíra (BA)
BA;Abaré (BA)
BA;Acajutiba (BA)
BA;Adustina (BA)
BA;Água Fria (BA)
BA;Érico Cardoso (BA)
BA;Aiquara (BA)
BA;Alagoinhas (BA)
BA;Alcobaça (BA)
BA;Almadina (BA)
BA;Amargosa (BA)
BA;Amélia Rodrigues (BA)
BA;América Dourada (BA)
BA;Anagé (BA)
BA;Andaraí (BA)
BA;Andorinha (BA)
BA;Angical (BA)
BA;Anguera (BA)
BA;Antas (BA)
BA;Antônio Cardoso (BA)
BA;Antônio Gonçalves (BA)
BA;Aporá (BA)
BA;Apuarema (BA)
BA;Aracatu (BA)
BA;Araçás (BA)
BA;Araci (BA)
BA;Aramari (BA)
BA;Arataca (BA)
BA;Aratuípe (BA)
BA;Aurelino Leal (BA)
BA;Baianópolis (BA)
BA;Baixa Grande (BA)
BA;Banzaê (BA)
BA;Barra (BA)
BA;Barra da Estiva (BA)
BA;Barra do Choça (BA)
BA;Barra do Mendes (BA)
BA;Barra do Rocha (BA)
BA;Barreiras (BA)
BA;Barro Alto (BA)
BA;Barrocas (BA)
BA;Barro Preto (BA)
BA;Belmonte (BA)
BA;Belo Campo (BA)
BA;Biritinga (BA)
BA;Boa Nova (BA)
BA;Boa Vista do Tupim (BA)
BA;Bom Jesus da Lapa (BA)
BA;Bom Jesus da Serra (BA)
BA;Boninal (BA)
BA;Bonito (BA)
BA;Boquira (BA)
BA;Botuporã (BA)
BA;Brejões (BA)
BA;Brejolândia (BA)
BA;Brotas de Macaúbas (BA)
BA;Brumado (BA)
BA;Buerarema (BA)
BA;Buritirama (BA)
BA;Caatiba (BA)
BA;Cabaceiras do Paraguaçu (BA)
BA;Cachoeira (BA)
BA;Caculé (BA)
BA;Caém (BA)
BA;Caetanos (BA)
BA;Caetité (BA)
BA;Cafarnaum (BA)
BA;Cairu (BA)
BA;Caldeirão Grande (BA)
BA;Camacan (BA)
BA;Camaçari (BA)
BA;Camamu (BA)
BA;Campo Alegre de Lourdes (BA)
BA;Campo Formoso (BA)
BA;Canápolis (BA)
BA;Canarana (BA)
BA;Canavieiras (BA)
BA;Candeal (BA)
BA;Candeias (BA)
BA;Candiba (BA)
BA;Cândido Sales (BA)
BA;Cansanção (BA)
BA;Canudos (BA)
BA;Capela do Alto Alegre (BA)
BA;Capim Grosso (BA)
BA;Caraíbas (BA)
BA;Caravelas (BA)
BA;Cardeal da Silva (BA)
BA;Carinhanha (BA)
BA;Casa Nova (BA)
BA;Castro Alves (BA)
BA;Catolândia (BA)
BA;Catu (BA)
BA;Caturama (BA)
BA;Central (BA)
BA;Chorrochó (BA)
BA;Cícero Dantas (BA)
BA;Cipó (BA)
BA;Coaraci (BA)
BA;Cocos (BA)
BA;Conceição da Feira (BA)
BA;Conceição do Almeida (BA)
BA;Conceição do Coité (BA)
BA;Conceição do Jacuípe (BA)
BA;Conde (BA)
BA;Condeúba (BA)
BA;Contendas do Sincorá (BA)
BA;Coração de Maria (BA)
BA;Cordeiros (BA)
BA;Coribe (BA)
BA;Coronel João Sá (BA)
BA;Correntina (BA)
BA;Cotegipe (BA)
BA;Cravolândia (BA)
BA;Crisópolis (BA)
BA;Cristópolis (BA)
BA;Cruz das Almas (BA)
BA;Curaçá (BA)
BA;Dário Meira (BA)
BA;Dias d'Ávila (BA)
BA;Dom Basílio (BA)
BA;Dom Macedo Costa (BA)
BA;Elísio Medrado (BA)
BA;Encruzilhada (BA)
BA;Entre Rios (BA)
BA;Esplanada (BA)
BA;Euclides da Cunha (BA)
BA;Eunápolis (BA)
BA;Fátima (BA)
BA;Feira da Mata (BA)
BA;Feira de Santana (BA)
BA;Filadélfia (BA)
BA;Firmino Alves (BA)
BA;Floresta Azul (BA)
BA;Formosa do Rio Preto (BA)
BA;Gandu (BA)
BA;Gavião (BA)
BA;Gentio do Ouro (BA)
BA;Glória (BA)
BA;Gongogi (BA)
BA;Governador Mangabeira (BA)
BA;Guajeru (BA)
BA;Guanambi (BA)
BA;Guaratinga (BA)
BA;Heliópolis (BA)
BA;Iaçu (BA)
BA;Ibiassucê (BA)
BA;Ibicaraí (BA)
BA;Ibicoara (BA)
BA;Ibicuí (BA)
BA;Ibipeba (BA)
BA;Ibipitanga (BA)
BA;Ibiquera (BA)
BA;Ibirapitanga (BA)
BA;Ibirapuã (BA)
BA;Ibirataia (BA)
BA;Ibitiara (BA)
BA;Ibititá (BA)
BA;Ibotirama (BA)
BA;Ichu (BA)
BA;Igaporã (BA)
BA;Igrapiúna (BA)
BA;Iguaí (BA)
BA;Ilhéus (BA)
BA;Inhambupe (BA)
BA;Ipecaetá (BA)
BA;Ipiaú (BA)
BA;Ipirá (BA)
BA;Ipupiara (BA)
BA;Irajuba (BA)
BA;Iramaia (BA)
BA;Iraquara (BA)
BA;Irará (BA)
BA;Irecê (BA)
BA;Itabela (BA)
BA;Itaberaba (BA)
BA;Itabuna (BA)
BA;Itacaré (BA)
BA;Itaeté (BA)
BA;Itagi (BA)
BA;Itagibá (BA)
BA;Itagimirim (BA)
BA;Itaguaçu da Bahia (BA)
BA;Itaju do Colônia (BA)
BA;Itajuípe (BA)
BA;Itamaraju (BA)
BA;Itamari (BA)
BA;Itambé (BA)
BA;Itanagra (BA)
BA;Itanhém (BA)
BA;Itaparica (BA)
BA;Itapé (BA)
BA;Itapebi (BA)
BA;Itapetinga (BA)
BA;Itapicuru (BA)
BA;Itapitanga (BA)
BA;Itaquara (BA)
BA;Itarantim (BA)
BA;Itatim (BA)
BA;Itiruçu (BA)
BA;Itiúba (BA)
BA;Itororó (BA)
BA;Ituaçu (BA)
BA;Ituberá (BA)
BA;Iuiu (BA)
BA;Jaborandi (BA)
BA;Jacaraci (BA)
BA;Jacobina (BA)
BA;Jaguaquara (BA)
BA;Jaguarari (BA)
BA;Jaguaripe (BA)
BA;Jandaíra (BA)
BA;Jequié (BA)
BA;Jeremoabo (BA)
BA;Jiquiriçá (BA)
BA;Jitaúna (BA)
BA;João Dourado (BA)
BA;Juazeiro (BA)
BA;Jucuruçu (BA)
BA;Jussara (BA)
BA;Jussari (BA)
BA;Jussiape (BA)
BA;Lafaiete Coutinho (BA)
BA;Lagoa Real (BA)
BA;Laje (BA)
BA;Lajedão (BA)
BA;Lajedinho (BA)
BA;Lajedo do Tabocal (BA)
BA;Lamarão (BA)
BA;Lapão (BA)
BA;Lauro de Freitas (BA)
BA;Lençóis (BA)
BA;Licínio de Almeida (BA)
BA;Livramento de Nossa Senhora (BA)
BA;Luís Eduardo Magalhães (BA)
BA;Macajuba (BA)
BA;Macarani (BA)
BA;Macaúbas (BA)
BA;Macururé (BA)
BA;Madre de Deus (BA)
BA;Maetinga (BA)
BA;Maiquinique (BA)
BA;Mairi (BA)
BA;Malhada (BA)
BA;Malhada de Pedras (BA)
BA;Manoel Vitorino (BA)
BA;Mansidão (BA)
BA;Maracás (BA)
BA;Maragogipe (BA)
BA;Maraú (BA)
BA;Marcionílio Souza (BA)
BA;Mascote (BA)
BA;Mata de São João (BA)
BA;Matina (BA)
BA;Medeiros Neto (BA)
BA;Miguel Calmon (BA)
BA;Milagres (BA)
BA;Mirangaba (BA)
BA;Mirante (BA)
BA;Monte Santo (BA)
BA;Morpará (BA)
BA;Morro do Chapéu (BA)
BA;Mortugaba (BA)
BA;Mucugê (BA)
BA;Mucuri (BA)
BA;Mulungu do Morro (BA)
BA;Mundo Novo (BA)
BA;Muniz Ferreira (BA)
BA;Muquém do São Francisco (BA)
BA;Muritiba (BA)
BA;Mutuípe (BA)
BA;Nazaré (BA)
BA;Nilo Peçanha (BA)
BA;Nordestina (BA)
BA;Nova Canaã (BA)
BA;Nova Fátima (BA)
BA;Nova Ibiá (BA)
BA;Nova Itarana (BA)
BA;Nova Redenção (BA)
BA;Nova Soure (BA)
BA;Nova Viçosa (BA)
BA;Novo Horizonte (BA)
BA;Novo Triunfo (BA)
BA;Olindina (BA)
BA;Oliveira dos Brejinhos (BA)
BA;Ouriçangas (BA)
BA;Ourolândia (BA)
BA;Palmas de Monte Alto (BA)
BA;Palmeiras (BA)
BA;Paramirim (BA)
BA;Paratinga (BA)
BA;Paripiranga (BA)
BA;Pau Brasil (BA)
BA;Paulo Afonso (BA)
BA;Pé de Serra (BA)
BA;Pedrão (BA)
BA;Pedro Alexandre (BA)
BA;Piatã (BA)
BA;Pilão Arcado (BA)
BA;Pindaí (BA)
BA;Pindobaçu (BA)
BA;Pintadas (BA)
BA;Piraí do Norte (BA)
BA;Piripá (BA)
BA;Piritiba (BA)
BA;Planaltino (BA)
BA;Planalto (BA)
BA;Poções (BA)
BA;Pojuca (BA)
BA;Ponto Novo (BA)
BA;Porto Seguro (BA)
BA;Potiraguá (BA)
BA;Prado (BA)
BA;Presidente Dutra (BA)
BA;Presidente Jânio Quadros (BA)
BA;Presidente Tancredo Neves (BA)
BA;Queimadas (BA)
BA;Quijingue (BA)
BA;Quixabeira (BA)
BA;Rafael Jambeiro (BA)
BA;Remanso (BA)
BA;Retirolândia (BA)
BA;Riachão das Neves (BA)
BA;Riachão do Jacuípe (BA)
BA;Riacho de Santana (BA)
BA;Ribeira do Amparo (BA)
BA;Ribeira do Pombal (BA)
BA;Ribeirão do Largo (BA)
BA;Rio de Contas (BA)
BA;Rio do Antônio (BA)
BA;Rio do Pires (BA)
BA;Rio Real (BA)
BA;Rodelas (BA)
BA;Ruy Barbosa (BA)
BA;Salinas da Margarida (BA)
BA;Salvador (BA)
BA;Santa Bárbara (BA)
BA;Santa Brígida (BA)
BA;Santa Cruz Cabrália (BA)
BA;Santa Cruz da Vitória (BA)
BA;Santa Inês (BA)
BA;Santaluz (BA)
BA;Santa Luzia (BA)
BA;Santa Maria da Vitória (BA)
BA;Santana (BA)
BA;Santanópolis (BA)
BA;Santa Rita de Cássia (BA)
BA;Santa Terezinha (BA)
BA;Santo Amaro (BA)
BA;Santo Antônio de Jesus (BA)
BA;Santo Estêvão (BA)
BA;São Desidério (BA)
BA;São Domingos (BA)
BA;São Félix (BA)
BA;São Félix do Coribe (BA)
BA;São Felipe (BA)
BA;São Francisco do Conde (BA)
BA;São Gabriel (BA)
BA;São Gonçalo dos Campos (BA)
BA;São José da Vitória (BA)
BA;São José do Jacuípe (BA)
BA;São Miguel das Matas (BA)
BA;São Sebastião do Passé (BA)
BA;Sapeaçu (BA)
BA;Sátiro Dias (BA)
BA;Saubara (BA)
BA;Saúde (BA)
BA;Seabra (BA)
BA;Sebastião Laranjeiras (BA)
BA;Senhor do Bonfim (BA)
BA;Serra do Ramalho (BA)
BA;Sento Sé (BA)
BA;Serra Dourada (BA)
BA;Serra Preta (BA)
BA;Serrinha (BA)
BA;Serrolândia (BA)
BA;Simões Filho (BA)
BA;Sítio do Mato (BA)
BA;Sítio do Quinto (BA)
BA;Sobradinho (BA)
BA;Souto Soares (BA)
BA;Tabocas do Brejo Velho (BA)
BA;Tanhaçu (BA)
BA;Tanque Novo (BA)
BA;Tanquinho (BA)
BA;Taperoá (BA)
BA;Tapiramutá (BA)
BA;Teixeira de Freitas (BA)
BA;Teodoro Sampaio (BA)
BA;Teofilândia (BA)
BA;Teolândia (BA)
BA;Terra Nova (BA)
BA;Tremedal (BA)
BA;Tucano (BA)
BA;Uauá (BA)
BA;Ubaíra (BA)
BA;Ubaitaba (BA)
BA;Ubatã (BA)
BA;Uibaí (BA)
BA;Umburanas (BA)
BA;Una (BA)
BA;Urandi (BA)
BA;Uruçuca (BA)
BA;Utinga (BA)
BA;Valença (BA)
BA;Valente (BA)
BA;Várzea da Roça (BA)
BA;Várzea do Poço (BA)
BA;Várzea Nova (BA)
BA;Varzedo (BA)
BA;Vera Cruz (BA)
BA;Vereda (BA)
BA;Vitória da Conquista (BA)
BA;Wagner (BA)
BA;Wanderley (BA)
BA;Wenceslau Guimarães (BA)
BA;Xique-Xique (BA)
MG;Abadia dos Dourados (MG)
MG;Abaeté (MG)
MG;Abre Campo (MG)
MG;Acaiaca (MG)
MG;Açucena (MG)
MG;Água Boa (MG)
MG;Água Comprida (MG)
MG;Aguanil (MG)
MG;Águas Formosas (MG)
MG;Águas Vermelhas (MG)
MG;Aimorés (MG)
MG;Aiuruoca (MG)
MG;Alagoa (MG)
MG;Albertina (MG)
MG;Além Paraíba (MG)
MG;Alfenas (MG)
MG;Alfredo Vasconcelos (MG)
MG;Almenara (MG)
MG;Alpercata (MG)
MG;Alpinópolis (MG)
MG;Alterosa (MG)
MG;Alto Caparaó (MG)
MG;Alto Rio Doce (MG)
MG;Alvarenga (MG)
MG;Alvinópolis (MG)
MG;Alvorada de Minas (MG)
MG;Amparo do Serra (MG)
MG;Andradas (MG)
MG;Cachoeira de Pajeú (MG)
MG;Andrelândia (MG)
MG;Angelândia (MG)
MG;Antônio Carlos (MG)
MG;Antônio Dias (MG)
MG;Antônio Prado de Minas (MG)
MG;Araçaí (MG)
MG;Aracitaba (MG)
MG;Araçuaí (MG)
MG;Araguari (MG)
MG;Arantina (MG)
MG;Araponga (MG)
MG;Araporã (MG)
MG;Arapuá (MG)
MG;Araújos (MG)
MG;Araxá (MG)
MG;Arceburgo (MG)
MG;Arcos (MG)
MG;Areado (MG)
MG;Argirita (MG)
MG;Aricanduva (MG)
MG;Arinos (MG)
MG;Astolfo Dutra (MG)
MG;Ataléia (MG)
MG;Augusto de Lima (MG)
MG;Baependi (MG)
MG;Baldim (MG)
MG;Bambuí (MG)
MG;Bandeira (MG)
MG;Bandeira do Sul (MG)
MG;Barão de Cocais (MG)
MG;Barão de Monte Alto (MG)
MG;Barbacena (MG)
MG;Barra Longa (MG)
MG;Barroso (MG)
MG;Bela Vista de Minas (MG)
MG;Belmiro Braga (MG)
MG;Belo Horizonte (MG)
MG;Belo Oriente (MG)
MG;Belo Vale (MG)
MG;Berilo (MG)
MG;Bertópolis (MG)
MG;Berizal (MG)
MG;Betim (MG)
MG;Bias Fortes (MG)
MG;Bicas (MG)
MG;Biquinhas (MG)
MG;Boa Esperança (MG)
MG;Bocaina de Minas (MG)
MG;Bocaiúva (MG)
MG;Bom Despacho (MG)
MG;Bom Jardim de Minas (MG)
MG;Bom Jesus da Penha (MG)
MG;Bom Jesus do Amparo (MG)
MG;Bom Jesus do Galho (MG)
MG;Bom Repouso (MG)
MG;Bom Sucesso (MG)
MG;Bonfim (MG)
MG;Bonfinópolis de Minas (MG)
MG;Bonito de Minas (MG)
MG;Borda da Mata (MG)
MG;Botelhos (MG)
MG;Botumirim (MG)
MG;Brasilândia de Minas (MG)
MG;Brasília de Minas (MG)
MG;Brás Pires (MG)
MG;Braúnas (MG)
MG;Brazópolis (MG)
MG;Brumadinho (MG)
MG;Bueno Brandão (MG)
MG;Buenópolis (MG)
MG;Bugre (MG)
MG;Buritis (MG)
MG;Buritizeiro (MG)
MG;Cabeceira Grande (MG)
MG;Cabo Verde (MG)
MG;Cachoeira da Prata (MG)
MG;Cachoeira de Minas (MG)
MG;Cachoeira Dourada (MG)
MG;Caetanópolis (MG)
MG;Caeté (MG)
MG;Caiana (MG)
MG;Cajuri (MG)
MG;Caldas (MG)
MG;Camacho (MG)
MG;Camanducaia (MG)
MG;Cambuí (MG)
MG;Cambuquira (MG)
MG;Campanário (MG)
MG;Campanha (MG)
MG;Campestre (MG)
MG;Campina Verde (MG)
MG;Campo Azul (MG)
MG;Campo Belo (MG)
MG;Campo do Meio (MG)
MG;Campo Florido (MG)
MG;Campos Altos (MG)
MG;Campos Gerais (MG)
MG;Canaã (MG)
MG;Canápolis (MG)
MG;Cana Verde (MG)
MG;Candeias (MG)
MG;Cantagalo (MG)
MG;Caparaó (MG)
MG;Capela Nova (MG)
MG;Capelinha (MG)
MG;Capetinga (MG)
MG;Capim Branco (MG)
MG;Capinópolis (MG)
MG;Capitão Andrade (MG)
MG;Capitão Enéas (MG)
MG;Capitólio (MG)
MG;Caputira (MG)
MG;Caraí (MG)
MG;Caranaíba (MG)
MG;Carandaí (MG)
MG;Carangola (MG)
MG;Caratinga (MG)
MG;Carbonita (MG)
MG;Careaçu (MG)
MG;Carlos Chagas (MG)
MG;Carmésia (MG)
MG;Carmo da Cachoeira (MG)
MG;Carmo da Mata (MG)
MG;Carmo de Minas (MG)
MG;Carmo do Cajuru (MG)
MG;Carmo do Paranaíba (MG)
MG;Carmo do Rio Claro (MG)
MG;Carmópolis de Minas (MG)
MG;Carneirinho (MG)
MG;Carrancas (MG)
MG;Carvalhópolis (MG)
MG;Carvalhos (MG)
MG;Casa Grande (MG)
MG;Cascalho Rico (MG)
MG;Cássia (MG)
MG;Conceição da Barra de Minas (MG)
MG;Cataguases (MG)
MG;Catas Altas (MG)
MG;Catas Altas da Noruega (MG)
MG;Catuji (MG)
MG;Catuti (MG)
MG;Caxambu (MG)
MG;Cedro do Abaeté (MG)
MG;Central de Minas (MG)
MG;Centralina (MG)
MG;Chácara (MG)
MG;Chalé (MG)
MG;Chapada do Norte (MG)
MG;Chapada Gaúcha (MG)
MG;Chiador (MG)
MG;Cipotânea (MG)
MG;Claraval (MG)
MG;Claro dos Poções (MG)
MG;Cláudio (MG)
MG;Coimbra (MG)
MG;Coluna (MG)
MG;Comendador Gomes (MG)
MG;Comercinho (MG)
MG;Conceição da Aparecida (MG)
MG;Conceição das Pedras (MG)
MG;Conceição das Alagoas (MG)
MG;Conceição de Ipanema (MG)
MG;Conceição do Mato Dentro (MG)
MG;Conceição do Pará (MG)
MG;Conceição do Rio Verde (MG)
MG;Conceição dos Ouros (MG)
MG;Cônego Marinho (MG)
MG;Confins (MG)
MG;Congonhal (MG)
MG;Congonhas (MG)
MG;Congonhas do Norte (MG)
MG;Conquista (MG)
MG;Conselheiro Lafaiete (MG)
MG;Conselheiro Pena (MG)
MG;Consolação (MG)
MG;Contagem (MG)
MG;Coqueiral (MG)
MG;Coração de Jesus (MG)
MG;Cordisburgo (MG)
MG;Cordislândia (MG)
MG;Corinto (MG)
MG;Coroaci (MG)
MG;Coromandel (MG)
MG;Coronel Fabriciano (MG)
MG;Coronel Murta (MG)
MG;Coronel Pacheco (MG)
MG;Coronel Xavier Chaves (MG)
MG;Córrego Danta (MG)
MG;Córrego do Bom Jesus (MG)
MG;Córrego Fundo (MG)
MG;Córrego Novo (MG)
MG;Couto de Magalhães de Minas (MG)
MG;Crisólita (MG)
MG;Cristais (MG)
MG;Cristália (MG)
MG;Cristiano Otoni (MG)
MG;Cristina (MG)
MG;Crucilândia (MG)
MG;Cruzeiro da Fortaleza (MG)
MG;Cruzília (MG)
MG;Cuparaque (MG)
MG;Curral de Dentro (MG)
MG;Curvelo (MG)
MG;Datas (MG)
MG;Delfim Moreira (MG)
MG;Delfinópolis (MG)
MG;Delta (MG)
MG;Descoberto (MG)
MG;Desterro de Entre Rios (MG)
MG;Desterro do Melo (MG)
MG;Diamantina (MG)
MG;Diogo de Vasconcelos (MG)
MG;Dionísio (MG)
MG;Divinésia (MG)
MG;Divino (MG)
MG;Divino das Laranjeiras (MG)
MG;Divinolândia de Minas (MG)
MG;Divinópolis (MG)
MG;Divisa Alegre (MG)
MG;Divisa Nova (MG)
MG;Divisópolis (MG)
MG;Dom Bosco (MG)
MG;Dom Cavati (MG)
MG;Dom Joaquim (MG)
MG;Dom Silvério (MG)
MG;Dom Viçoso (MG)
MG;Dona Euzébia (MG)
MG;Dores de Campos (MG)
MG;Dores de Guanhães (MG)
MG;Dores do Indaiá (MG)
MG;Dores do Turvo (MG)
MG;Doresópolis (MG)
MG;Douradoquara (MG)
MG;Durandé (MG)
MG;Elói Mendes (MG)
MG;Engenheiro Caldas (MG)
MG;Engenheiro Navarro (MG)
MG;Entre Folhas (MG)
MG;Entre Rios de Minas (MG)
MG;Ervália (MG)
MG;Esmeraldas (MG)
MG;Espera Feliz (MG)
MG;Espinosa (MG)
MG;Espírito Santo do Dourado (MG)
MG;Estiva (MG)
MG;Estrela Dalva (MG)
MG;Estrela do Indaiá (MG)
MG;Estrela do Sul (MG)
MG;Eugenópolis (MG)
MG;Ewbank da Câmara (MG)
MG;Extrema (MG)
MG;Fama (MG)
MG;Faria Lemos (MG)
MG;Felício dos Santos (MG)
MG;São Gonçalo do Rio Preto (MG)
MG;Felisburgo (MG)
MG;Felixlândia (MG)
MG;Fernandes Tourinho (MG)
MG;Ferros (MG)
MG;Fervedouro (MG)
MG;Florestal (MG)
MG;Formiga (MG)
MG;Formoso (MG)
MG;Fortaleza de Minas (MG)
MG;Fortuna de Minas (MG)
MG;Francisco Badaró (MG)
MG;Francisco Dumont (MG)
MG;Francisco Sá (MG)
MG;Franciscópolis (MG)
MG;Frei Gaspar (MG)
MG;Frei Inocêncio (MG)
MG;Frei Lagonegro (MG)
MG;Fronteira (MG)
MG;Fronteira dos Vales (MG)
MG;Fruta de Leite (MG)
MG;Frutal (MG)
MG;Funilândia (MG)
MG;Galiléia (MG)
MG;Gameleiras (MG)
MG;Glaucilândia (MG)
MG;Goiabeira (MG)
MG;Goianá (MG)
MG;Gonçalves (MG)
MG;Gonzaga (MG)
MG;Gouveia (MG)
MG;Governador Valadares (MG)
MG;Grão Mogol (MG)
MG;Grupiara (MG)
MG;Guanhães (MG)
MG;Guapé (MG)
MG;Guaraciaba (MG)
MG;Guaraciama (MG)
MG;Guaranésia (MG)
MG;Guarani (MG)
MG;Guarará (MG)
MG;Guarda-Mor (MG)
MG;Guaxupé (MG)
MG;Guidoval (MG)
MG;Guimarânia (MG)
MG;Guiricema (MG)
MG;Gurinhatã (MG)
MG;Heliodora (MG)
MG;Iapu (MG)
MG;Ibertioga (MG)
MG;Ibiá (MG)
MG;Ibiaí (MG)
MG;Ibiracatu (MG)
MG;Ibiraci (MG)
MG;Ibirité (MG)
MG;Ibitiúra de Minas (MG)
MG;Ibituruna (MG)
MG;Icaraí de Minas (MG)
MG;Igarapé (MG)
MG;Igaratinga (MG)
MG;Iguatama (MG)
MG;Ijaci (MG)
MG;Ilicínea (MG)
MG;Imbé de Minas (MG)
MG;Inconfidentes (MG)
MG;Indaiabira (MG)
MG;Indianópolis (MG)
MG;Ingaí (MG)
MG;Inhapim (MG)
MG;Inhaúma (MG)
MG;Inimutaba (MG)
MG;Ipaba (MG)
MG;Ipanema (MG)
MG;Ipatinga (MG)
MG;Ipiaçu (MG)
MG;Ipuiúna (MG)
MG;Iraí de Minas (MG)
MG;Itabira (MG)
MG;Itabirinha (MG)
MG;Itabirito (MG)
MG;Itacambira (MG)
MG;Itacarambi (MG)
MG;Itaguara (MG)
MG;Itaipé (MG)
MG;Itajubá (MG)
MG;Itamarandiba (MG)
MG;Itamarati de Minas (MG)
MG;Itambacuri (MG)
MG;Itambé do Mato Dentro (MG)
MG;Itamogi (MG)
MG;Itamonte (MG)
MG;Itanhandu (MG)
MG;Itanhomi (MG)
MG;Itaobim (MG)
MG;Itapagipe (MG)
MG;Itapecerica (MG)
MG;Itapeva (MG)
MG;Itatiaiuçu (MG)
MG;Itaú de Minas (MG)
MG;Itaúna (MG)
MG;Itaverava (MG)
MG;Itinga (MG)
MG;Itueta (MG)
MG;Ituiutaba (MG)
MG;Itumirim (MG)
MG;Iturama (MG)
MG;Itutinga (MG)
MG;Jaboticatubas (MG)
MG;Jacinto (MG)
MG;Jacuí (MG)
MG;Jacutinga (MG)
MG;Jaguaraçu (MG)
MG;Jaíba (MG)
MG;Jampruca (MG)
MG;Janaúba (MG)
MG;Januária (MG)
MG;Japaraíba (MG)
MG;Japonvar (MG)
MG;Jeceaba (MG)
MG;Jenipapo de Minas (MG)
MG;Jequeri (MG)
MG;Jequitaí (MG)
MG;Jequitibá (MG)
MG;Jequitinhonha (MG)
MG;Jesuânia (MG)
MG;Joaíma (MG)
MG;Joanésia (MG)
MG;João Monlevade (MG)
MG;João Pinheiro (MG)
MG;Joaquim Felício (MG)
MG;Jordânia (MG)
MG;José Gonçalves de Minas (MG)
MG;José Raydan (MG)
MG;Josenópolis (MG)
MG;Nova União (MG)
MG;Juatuba (MG)
MG;Juiz de Fora (MG)
MG;Juramento (MG)
MG;Juruaia (MG)
MG;Juvenília (MG)
MG;Ladainha (MG)
MG;Lagamar (MG)
MG;Lagoa da Prata (MG)
MG;Lagoa dos Patos (MG)
MG;Lagoa Dourada (MG)
MG;Lagoa Formosa (MG)
MG;Lagoa Grande (MG)
MG;Lagoa Santa (MG)
MG;Lajinha (MG)
MG;Lambari (MG)
MG;Lamim (MG)
MG;Laranjal (MG)
MG;Lassance (MG)
MG;Lavras (MG)
MG;Leandro Ferreira (MG)
MG;Leme do Prado (MG)
MG;Leopoldina (MG)
MG;Liberdade (MG)
MG;Lima Duarte (MG)
MG;Limeira do Oeste (MG)
MG;Lontra (MG)
MG;Luisburgo (MG)
MG;Luislândia (MG)
MG;Luminárias (MG)
MG;Luz (MG)
MG;Machacalis (MG)
MG;Machado (MG)
MG;Madre de Deus de Minas (MG)
MG;Malacacheta (MG)
MG;Mamonas (MG)
MG;Manga (MG)
MG;Manhuaçu (MG)
MG;Manhumirim (MG)
MG;Mantena (MG)
MG;Maravilhas (MG)
MG;Mar de Espanha (MG)
MG;Maria da Fé (MG)
MG;Mariana (MG)
MG;Marilac (MG)
MG;Mário Campos (MG)
MG;Maripá de Minas (MG)
MG;Marliéria (MG)
MG;Marmelópolis (MG)
MG;Martinho Campos (MG)
MG;Martins Soares (MG)
MG;Mata Verde (MG)
MG;Materlândia (MG)
MG;Mateus Leme (MG)
MG;Matias Barbosa (MG)
MG;Matias Cardoso (MG)
MG;Matipó (MG)
MG;Mato Verde (MG)
MG;Matozinhos (MG)
MG;Matutina (MG)
MG;Medeiros (MG)
MG;Medina (MG)
MG;Mendes Pimentel (MG)
MG;Mercês (MG)
MG;Mesquita (MG)
MG;Minas Novas (MG)
MG;Minduri (MG)
MG;Mirabela (MG)
MG;Miradouro (MG)
MG;Miraí (MG)
MG;Miravânia (MG)
MG;Moeda (MG)
MG;Moema (MG)
MG;Monjolos (MG)
MG;Monsenhor Paulo (MG)
MG;Montalvânia (MG)
MG;Monte Alegre de Minas (MG)
MG;Monte Azul (MG)
MG;Monte Belo (MG)
MG;Monte Carmelo (MG)
MG;Monte Formoso (MG)
MG;Monte Santo de Minas (MG)
MG;Montes Claros (MG)
MG;Monte Sião (MG)
MG;Montezuma (MG)
MG;Morada Nova de Minas (MG)
MG;Morro da Garça (MG)
MG;Morro do Pilar (MG)
MG;Munhoz (MG)
MG;Muriaé (MG)
MG;Mutum (MG)
MG;Muzambinho (MG)
MG;Nacip Raydan (MG)
MG;Nanuque (MG)
MG;Naque (MG)
MG;Natalândia (MG)
MG;Natércia (MG)
MG;Nazareno (MG)
MG;Nepomuceno (MG)
MG;Ninheira (MG)
MG;Nova Belém (MG)
MG;Nova Era (MG)
MG;Nova Lima (MG)
MG;Nova Módica (MG)
MG;Nova Ponte (MG)
MG;Nova Porteirinha (MG)
MG;Nova Resende (MG)
MG;Nova Serrana (MG)
MG;Novo Cruzeiro (MG)
MG;Novo Oriente de Minas (MG)
MG;Novorizonte (MG)
MG;Olaria (MG)
MG;Olhos-d'Água (MG)
MG;Olímpio Noronha (MG)
MG;Oliveira (MG)
MG;Oliveira Fortes (MG)
MG;Onça de Pitangui (MG)
MG;Oratórios (MG)
MG;Orizânia (MG)
MG;Ouro Branco (MG)
MG;Ouro Fino (MG)
MG;Ouro Preto (MG)
MG;Ouro Verde de Minas (MG)
MG;Padre Carvalho (MG)
MG;Padre Paraíso (MG)
MG;Paineiras (MG)
MG;Pains (MG)
MG;Pai Pedro (MG)
MG;Paiva (MG)
MG;Palma (MG)
MG;Palmópolis (MG)
MG;Papagaios (MG)
MG;Paracatu (MG)
MG;Pará de Minas (MG)
MG;Paraguaçu (MG)
MG;Paraisópolis (MG)
MG;Paraopeba (MG)
MG;Passabém (MG)
MG;Passa Quatro (MG)
MG;Passa Tempo (MG)
MG;Passa Vinte (MG)
MG;Passos (MG)
MG;Patis (MG)
MG;Patos de Minas (MG)
MG;Patrocínio (MG)
MG;Patrocínio do Muriaé (MG)
MG;Paula Cândido (MG)
MG;Paulistas (MG)
MG;Pavão (MG)
MG;Peçanha (MG)
MG;Pedra Azul (MG)
MG;Pedra Bonita (MG)
MG;Pedra do Anta (MG)
MG;Pedra do Indaiá (MG)
MG;Pedra Dourada (MG)
MG;Pedralva (MG)
MG;Pedras de Maria da Cruz (MG)
MG;Pedrinópolis (MG)
MG;Pedro Leopoldo (MG)
MG;Pedro Teixeira (MG)
MG;Pequeri (MG)
MG;Pequi (MG)
MG;Perdigão (MG)
MG;Perdizes (MG)
MG;Perdões (MG)
MG;Periquito (MG)
MG;Pescador (MG)
MG;Piau (MG)
MG;Piedade de Caratinga (MG)
MG;Piedade de Ponte Nova (MG)
MG;Piedade do Rio Grande (MG)
MG;Piedade dos Gerais (MG)
MG;Pimenta (MG)
MG;Pingo-d'Água (MG)
MG;Pintópolis (MG)
MG;Piracema (MG)
MG;Pirajuba (MG)
MG;Piranga (MG)
MG;Piranguçu (MG)
MG;Piranguinho (MG)
MG;Pirapetinga (MG)
MG;Pirapora (MG)
MG;Piraúba (MG)
MG;Pitangui (MG)
MG;Piumhi (MG)
MG;Planura (MG)
MG;Poço Fundo (MG)
MG;Poços de Caldas (MG)
MG;Pocrane (MG)
MG;Pompéu (MG)
MG;Ponte Nova (MG)
MG;Ponto Chique (MG)
MG;Ponto dos Volantes (MG)
MG;Porteirinha (MG)
MG;Porto Firme (MG)
MG;Poté (MG)
MG;Pouso Alegre (MG)
MG;Pouso Alto (MG)
MG;Prados (MG)
MG;Prata (MG)
MG;Pratápolis (MG)
MG;Pratinha (MG)
MG;Presidente Bernardes (MG)
MG;Presidente Juscelino (MG)
MG;Presidente Kubitschek (MG)
MG;Presidente Olegário (MG)
MG;Alto Jequitibá (MG)
MG;Prudente de Morais (MG)
MG;Quartel Geral (MG)
MG;Queluzito (MG)
MG;Raposos (MG)
MG;Raul Soares (MG)
MG;Recreio (MG)
MG;Reduto (MG)
MG;Resende Costa (MG)
MG;Resplendor (MG)
MG;Ressaquinha (MG)
MG;Riachinho (MG)
MG;Riacho dos Machados (MG)
MG;Ribeirão das Neves (MG)
MG;Ribeirão Vermelho (MG)
MG;Rio Acima (MG)
MG;Rio Casca (MG)
MG;Rio Doce (MG)
MG;Rio do Prado (MG)
MG;Rio Espera (MG)
MG;Rio Manso (MG)
MG;Rio Novo (MG)
MG;Rio Paranaíba (MG)
MG;Rio Pardo de Minas (MG)
MG;Rio Piracicaba (MG)
MG;Rio Pomba (MG)
MG;Rio Preto (MG)
MG;Rio Vermelho (MG)
MG;Ritápolis (MG)
MG;Rochedo de Minas (MG)
MG;Rodeiro (MG)
MG;Romaria (MG)
MG;Rosário da Limeira (MG)
MG;Rubelita (MG)
MG;Rubim (MG)
MG;Sabará (MG)
MG;Sabinópolis (MG)
MG;Sacramento (MG)
MG;Salinas (MG)
MG;Salto da Divisa (MG)
MG;Santa Bárbara (MG)
MG;Santa Bárbara do Leste (MG)
MG;Santa Bárbara do Monte Verde (MG)
MG;Santa Bárbara do Tugúrio (MG)
MG;Santa Cruz de Minas (MG)
MG;Santa Cruz de Salinas (MG)
MG;Santa Cruz do Escalvado (MG)
MG;Santa Efigênia de Minas (MG)
MG;Santa Fé de Minas (MG)
MG;Santa Helena de Minas (MG)
MG;Santa Juliana (MG)
MG;Santa Luzia (MG)
MG;Santa Margarida (MG)
MG;Santa Maria de Itabira (MG)
MG;Santa Maria do Salto (MG)
MG;Santa Maria do Suaçuí (MG)
MG;Santana da Vargem (MG)
MG;Santana de Cataguases (MG)
MG;Santana de Pirapama (MG)
MG;Santana do Deserto (MG)
MG;Santana do Garambéu (MG)
MG;Santana do Jacaré (MG)
MG;Santana do Manhuaçu (MG)
MG;Santana do Paraíso (MG)
MG;Santana do Riacho (MG)
MG;Santana dos Montes (MG)
MG;Santa Rita de Caldas (MG)
MG;Santa Rita de Jacutinga (MG)
MG;Santa Rita de Minas (MG)
MG;Santa Rita de Ibitipoca (MG)
MG;Santa Rita do Itueto (MG)
MG;Santa Rita do Sapucaí (MG)
MG;Santa Rosa da Serra (MG)
MG;Santa Vitória (MG)
MG;Santo Antônio do Amparo (MG)
MG;Santo Antônio do Aventureiro (MG)
MG;Santo Antônio do Grama (MG)
MG;Santo Antônio do Itambé (MG)
MG;Santo Antônio do Jacinto (MG)
MG;Santo Antônio do Monte (MG)
MG;Santo Antônio do Retiro (MG)
MG;Santo Antônio do Rio Abaixo (MG)
MG;Santo Hipólito (MG)
MG;Santos Dumont (MG)
MG;São Bento Abade (MG)
MG;São Brás do Suaçuí (MG)
MG;São Domingos das Dores (MG)
MG;São Domingos do Prata (MG)
MG;São Félix de Minas (MG)
MG;São Francisco (MG)
MG;São Francisco de Paula (MG)
MG;São Francisco de Sales (MG)
MG;São Francisco do Glória (MG)
MG;São Geraldo (MG)
MG;São Geraldo da Piedade (MG)
MG;São Geraldo do Baixio (MG)
MG;São Gonçalo do Abaeté (MG)
MG;São Gonçalo do Pará (MG)
MG;São Gonçalo do Rio Abaixo (MG)
MG;São Gonçalo do Sapucaí (MG)
MG;São Gotardo (MG)
MG;São João Batista do Glória (MG)
MG;São João da Lagoa (MG)
MG;São João da Mata (MG)
MG;São João da Ponte (MG)
MG;São João das Missões (MG)
MG;São João del Rei (MG)
MG;São João do Manhuaçu (MG)
MG;São João do Manteninha (MG)
MG;São João do Oriente (MG)
MG;São João do Pacuí (MG)
MG;São João do Paraíso (MG)
MG;São João Evangelista (MG)
MG;São João Nepomuceno (MG)
MG;São Joaquim de Bicas (MG)
MG;São José da Barra (MG)
MG;São José da Lapa (MG)
MG;São José da Safira (MG)
MG;São José da Varginha (MG)
MG;São José do Alegre (MG)
MG;São José do Divino (MG)
MG;São José do Goiabal (MG)
MG;São José do Jacuri (MG)
MG;São José do Mantimento (MG)
MG;São Lourenço (MG)
MG;São Miguel do Anta (MG)
MG;São Pedro da União (MG)
MG;São Pedro dos Ferros (MG)
MG;São Pedro do Suaçuí (MG)
MG;São Romão (MG)
MG;São Roque de Minas (MG)
MG;São Sebastião da Bela Vista (MG)
MG;São Sebastião da Vargem Alegre (MG)
MG;São Sebastião do Anta (MG)
MG;São Sebastião do Maranhão (MG)
MG;São Sebastião do Oeste (MG)
MG;São Sebastião do Paraíso (MG)
MG;São Sebastião do Rio Preto (MG)
MG;São Sebastião do Rio Verde (MG)
MG;São Tiago (MG)
MG;São Tomás de Aquino (MG)
MG;São Tomé das Letras (MG)
MG;São Vicente de Minas (MG)
MG;Sapucaí-Mirim (MG)
MG;Sardoá (MG)
MG;Sarzedo (MG)
MG;Setubinha (MG)
MG;Sem-Peixe (MG)
MG;Senador Amaral (MG)
MG;Senador Cortes (MG)
MG;Senador Firmino (MG)
MG;Senador José Bento (MG)
MG;Senador Modestino Gonçalves (MG)
MG;Senhora de Oliveira (MG)
MG;Senhora do Porto (MG)
MG;Senhora dos Remédios (MG)
MG;Sericita (MG)
MG;Seritinga (MG)
MG;Serra Azul de Minas (MG)
MG;Serra da Saudade (MG)
MG;Serra dos Aimorés (MG)
MG;Serra do Salitre (MG)
MG;Serrania (MG)
MG;Serranópolis de Minas (MG)
MG;Serranos (MG)
MG;Serro (MG)
MG;Sete Lagoas (MG)
MG;Silveirânia (MG)
MG;Silvianópolis (MG)
MG;Simão Pereira (MG)
MG;Simonésia (MG)
MG;Sobrália (MG)
MG;Soledade de Minas (MG)
MG;Tabuleiro (MG)
MG;Taiobeiras (MG)
MG;Taparuba (MG)
MG;Tapira (MG)
MG;Tapiraí (MG)
MG;Taquaraçu de Minas (MG)
MG;Tarumirim (MG)
MG;Teixeiras (MG)
MG;Teófilo Otoni (MG)
MG;Timóteo (MG)
MG;Tiradentes (MG)
MG;Tiros (MG)
MG;Tocantins (MG)
MG;Tocos do Moji (MG)
MG;Toledo (MG)
MG;Tombos (MG)
MG;Três Corações (MG)
MG;Três Marias (MG)
MG;Três Pontas (MG)
MG;Tumiritinga (MG)
MG;Tupaciguara (MG)
MG;Turmalina (MG)
MG;Turvolândia (MG)
MG;Ubá (MG)
MG;Ubaí (MG)
MG;Ubaporanga (MG)
MG;Uberaba (MG)
MG;Uberlândia (MG)
MG;Umburatiba (MG)
MG;Unaí (MG)
MG;União de Minas (MG)
MG;Uruana de Minas (MG)
MG;Urucânia (MG)
MG;Urucuia (MG)
MG;Vargem Alegre (MG)
MG;Vargem Bonita (MG)
MG;Vargem Grande do Rio Pardo (MG)
MG;Varginha (MG)
MG;Varjão de Minas (MG)
MG;Várzea da Palma (MG)
MG;Varzelândia (MG)
MG;Vazante (MG)
MG;Verdelândia (MG)
MG;Veredinha (MG)
MG;Veríssimo (MG)
MG;Vermelho Novo (MG)
MG;Vespasiano (MG)
MG;Viçosa (MG)
MG;Vieiras (MG)
MG;Mathias Lobato (MG)
MG;Virgem da Lapa (MG)
MG;Virgínia (MG)
MG;Virginópolis (MG)
MG;Virgolândia (MG)
MG;Visconde do Rio Branco (MG)
MG;Volta Grande (MG)
MG;Wenceslau Braz (MG)
ES;Afonso Cláudio (ES)
ES;Águia Branca (ES)
ES;Água Doce do Norte (ES)
ES;Alegre (ES)
ES;Alfredo Chaves (ES)
ES;Alto Rio Novo (ES)
ES;Anchieta (ES)
ES;Apiacá (ES)
ES;Aracruz (ES)
ES;Atílio Vivácqua (ES)
ES;Baixo Guandu (ES)
ES;Barra de São Francisco (ES)
ES;Boa Esperança (ES)
ES;Bom Jesus do Norte (ES)
ES;Brejetuba (ES)
ES;Cachoeiro de Itapemirim (ES)
ES;Cariacica (ES)
ES;Castelo (ES)
ES;Colatina (ES)
ES;Conceição da Barra (ES)
ES;Conceição do Castelo (ES)
ES;Divino de São Lourenço (ES)
ES;Domingos Martins (ES)
ES;Dores do Rio Preto (ES)
ES;Ecoporanga (ES)
ES;Fundão (ES)
ES;Governador Lindenberg (ES)
ES;Guaçuí (ES)
ES;Guarapari (ES)
ES;Ibatiba (ES)
ES;Ibiraçu (ES)
ES;Ibitirama (ES)
ES;Iconha (ES)
ES;Irupi (ES)
ES;Itaguaçu (ES)
ES;Itapemirim (ES)
ES;Itarana (ES)
ES;Iúna (ES)
ES;Jaguaré (ES)
ES;Jerônimo Monteiro (ES)
ES;João Neiva (ES)
ES;Laranja da Terra (ES)
ES;Linhares (ES)
ES;Mantenópolis (ES)
ES;Marataízes (ES)
ES;Marechal Floriano (ES)
ES;Marilândia (ES)
ES;Mimoso do Sul (ES)
ES;Montanha (ES)
ES;Mucurici (ES)
ES;Muniz Freire (ES)
ES;Muqui (ES)
ES;Nova Venécia (ES)
ES;Pancas (ES)
ES;Pedro Canário (ES)
ES;Pinheiros (ES)
ES;Piúma (ES)
ES;Ponto Belo (ES)
ES;Presidente Kennedy (ES)
ES;Rio Bananal (ES)
ES;Rio Novo do Sul (ES)
ES;Santa Leopoldina (ES)
ES;Santa Maria de Jetibá (ES)
ES;Santa Teresa (ES)
ES;São Domingos do Norte (ES)
ES;São Gabriel da Palha (ES)
ES;São José do Calçado (ES)
ES;São Mateus (ES)
ES;São Roque do Canaã (ES)
ES;Serra (ES)
ES;Sooretama (ES)
ES;Vargem Alta (ES)
ES;Venda Nova do Imigrante (ES)
ES;Viana (ES)
ES;Vila Pavão (ES)
ES;Vila Valério (ES)
ES;Vila Velha (ES)
ES;Vitória (ES)
RJ;Angra dos Reis (RJ)
RJ;Aperibé (RJ)
RJ;Araruama (RJ)
RJ;Areal (RJ)
RJ;Armação dos Búzios (RJ)
RJ;Arraial do Cabo (RJ)
RJ;Barra do Piraí (RJ)
RJ;Barra Mansa (RJ)
RJ;Belford Roxo (RJ)
RJ;Bom Jardim (RJ)
RJ;Bom Jesus do Itabapoana (RJ)
RJ;Cabo Frio (RJ)
RJ;Cachoeiras de Macacu (RJ)
RJ;Cambuci (RJ)
RJ;Carapebus (RJ)
RJ;Comendador Levy Gasparian (RJ)
RJ;Campos dos Goytacazes (RJ)
RJ;Cantagalo (RJ)
RJ;Cardoso Moreira (RJ)
RJ;Carmo (RJ)
RJ;Casimiro de Abreu (RJ)
RJ;Conceição de Macabu (RJ)
RJ;Cordeiro (RJ)
RJ;Duas Barras (RJ)
RJ;Duque de Caxias (RJ)
RJ;Engenheiro Paulo de Frontin (RJ)
RJ;Guapimirim (RJ)
RJ;Iguaba Grande (RJ)
RJ;Itaboraí (RJ)
RJ;Itaguaí (RJ)
RJ;Italva (RJ)
RJ;Itaocara (RJ)
RJ;Itaperuna (RJ)
RJ;Itatiaia (RJ)
RJ;Japeri (RJ)
RJ;Laje do Muriaé (RJ)
RJ;Macaé (RJ)
RJ;Macuco (RJ)
RJ;Magé (RJ)
RJ;Mangaratiba (RJ)
RJ;Maricá (RJ)
RJ;Mendes (RJ)
RJ;Mesquita (RJ)
RJ;Miguel Pereira (RJ)
RJ;Miracema (RJ)
RJ;Natividade (RJ)
RJ;Nilópolis (RJ)
RJ;Niterói (RJ)
RJ;Nova Friburgo (RJ)
RJ;Nova Iguaçu (RJ)
RJ;Paracambi (RJ)
RJ;Paraíba do Sul (RJ)
RJ;Paraty (RJ)
RJ;Paty do Alferes (RJ)
RJ;Petrópolis (RJ)
RJ;Pinheiral (RJ)
RJ;Piraí (RJ)
RJ;Porciúncula (RJ)
RJ;Porto Real (RJ)
RJ;Quatis (RJ)
RJ;Queimados (RJ)
RJ;Quissamã (RJ)
RJ;Resende (RJ)
RJ;Rio Bonito (RJ)
RJ;Rio Claro (RJ)
RJ;Rio das Flores (RJ)
RJ;Rio das Ostras (RJ)
RJ;Rio de Janeiro (RJ)
RJ;Santa Maria Madalena (RJ)
RJ;Santo Antônio de Pádua (RJ)
RJ;São Francisco de Itabapoana (RJ)
RJ;São Fidélis (RJ)
RJ;São Gonçalo (RJ)
RJ;São João da Barra (RJ)
RJ;São João de Meriti (RJ)
RJ;São José de Ubá (RJ)
RJ;São José do Vale do Rio Preto (RJ)
RJ;São Pedro da Aldeia (RJ)
RJ;São Sebastião do Alto (RJ)
RJ;Sapucaia (RJ)
RJ;Saquarema (RJ)
RJ;Seropédica (RJ)
RJ;Silva Jardim (RJ)
RJ;Sumidouro (RJ)
RJ;Tanguá (RJ)
RJ;Teresópolis (RJ)
RJ;Trajano de Moraes (RJ)
RJ;Três Rios (RJ)
RJ;Valença (RJ)
RJ;Varre-Sai (RJ)
RJ;Vassouras (RJ)
RJ;Volta Redonda (RJ)
SP;Adamantina (SP)
SP;Adolfo (SP)
SP;Aguaí (SP)
SP;Águas da Prata (SP)
SP;Águas de Lindóia (SP)
SP;Águas de Santa Bárbara (SP)
SP;Águas de São Pedro (SP)
SP;Agudos (SP)
SP;Alambari (SP)
SP;Alfredo Marcondes (SP)
SP;Altair (SP)
SP;Altinópolis (SP)
SP;Alto Alegre (SP)
SP;Alumínio (SP)
SP;Álvares Florence (SP)
SP;Álvares Machado (SP)
SP;Álvaro de Carvalho (SP)
SP;Alvinlândia (SP)
SP;Americana (SP)
SP;Américo Brasiliense (SP)
SP;Américo de Campos (SP)
SP;Amparo (SP)
SP;Analândia (SP)
SP;Andradina (SP)
SP;Angatuba (SP)
SP;Anhembi (SP)
SP;Anhumas (SP)
SP;Aparecida (SP)
SP;Aparecida d'Oeste (SP)
SP;Apiaí (SP)
SP;Araçariguama (SP)
SP;Araçatuba (SP)
SP;Araçoiaba da Serra (SP)
SP;Aramina (SP)
SP;Arandu (SP)
SP;Arapeí (SP)
SP;Araraquara (SP)
SP;Araras (SP)
SP;Arco-Íris (SP)
SP;Arealva (SP)
SP;Areias (SP)
SP;Areiópolis (SP)
SP;Ariranha (SP)
SP;Artur Nogueira (SP)
SP;Arujá (SP)
SP;Aspásia (SP)
SP;Assis (SP)
SP;Atibaia (SP)
SP;Auriflama (SP)
SP;Avaí (SP)
SP;Avanhandava (SP)
SP;Avaré (SP)
SP;Bady Bassitt (SP)
SP;Balbinos (SP)
SP;Bálsamo (SP)
SP;Bananal (SP)
SP;Barão de Antonina (SP)
SP;Barbosa (SP)
SP;Bariri (SP)
SP;Barra Bonita (SP)
SP;Barra do Chapéu (SP)
SP;Barra do Turvo (SP)
SP;Barretos (SP)
SP;Barrinha (SP)
SP;Barueri (SP)
SP;Bastos (SP)
SP;Batatais (SP)
SP;Bauru (SP)
SP;Bebedouro (SP)
SP;Bento de Abreu (SP)
SP;Bernardino de Campos (SP)
SP;Bertioga (SP)
SP;Bilac (SP)
SP;Birigui (SP)
SP;Biritiba Mirim (SP)
SP;Boa Esperança do Sul (SP)
SP;Bocaina (SP)
SP;Bofete (SP)
SP;Boituva (SP)
SP;Bom Jesus dos Perdões (SP)
SP;Bom Sucesso de Itararé (SP)
SP;Borá (SP)
SP;Boracéia (SP)
SP;Borborema (SP)
SP;Borebi (SP)
SP;Botucatu (SP)
SP;Bragança Paulista (SP)
SP;Braúna (SP)
SP;Brejo Alegre (SP)
SP;Brodowski (SP)
SP;Brotas (SP)
SP;Buri (SP)
SP;Buritama (SP)
SP;Buritizal (SP)
SP;Cabrália Paulista (SP)
SP;Cabreúva (SP)
SP;Caçapava (SP)
SP;Cachoeira Paulista (SP)
SP;Caconde (SP)
SP;Cafelândia (SP)
SP;Caiabu (SP)
SP;Caieiras (SP)
SP;Caiuá (SP)
SP;Cajamar (SP)
SP;Cajati (SP)
SP;Cajobi (SP)
SP;Cajuru (SP)
SP;Campina do Monte Alegre (SP)
SP;Campinas (SP)
SP;Campo Limpo Paulista (SP)
SP;Campos do Jordão (SP)
SP;Campos Novos Paulista (SP)
SP;Cananéia (SP)
SP;Canas (SP)
SP;Cândido Mota (SP)
SP;Cândido Rodrigues (SP)
SP;Canitar (SP)
SP;Capão Bonito (SP)
SP;Capela do Alto (SP)
SP;Capivari (SP)
SP;Caraguatatuba (SP)
SP;Carapicuíba (SP)
SP;Cardoso (SP)
SP;Casa Branca (SP)
SP;Cássia dos Coqueiros (SP)
SP;Castilho (SP)
SP;Catanduva (SP)
SP;Catiguá (SP)
SP;Cedral (SP)
SP;Cerqueira César (SP)
SP;Cerquilho (SP)
SP;Cesário Lange (SP)
SP;Charqueada (SP)
SP;Clementina (SP)
SP;Colina (SP)
SP;Colômbia (SP)
SP;Conchal (SP)
SP;Conchas (SP)
SP;Cordeirópolis (SP)
SP;Coroados (SP)
SP;Coronel Macedo (SP)
SP;Corumbataí (SP)
SP;Cosmópolis (SP)
SP;Cosmorama (SP)
SP;Cotia (SP)
SP;Cravinhos (SP)
SP;Cristais Paulista (SP)
SP;Cruzália (SP)
SP;Cruzeiro (SP)
SP;Cubatão (SP)
SP;Cunha (SP)
SP;Descalvado (SP)
SP;Diadema (SP)
SP;Dirce Reis (SP)
SP;Divinolândia (SP)
SP;Dobrada (SP)
SP;Dois Córregos (SP)
SP;Dolcinópolis (SP)
SP;Dourado (SP)
SP;Dracena (SP)
SP;Duartina (SP)
SP;Dumont (SP)
SP;Echaporã (SP)
SP;Eldorado (SP)
SP;Elias Fausto (SP)
SP;Elisiário (SP)
SP;Embaúba (SP)
SP;Embu das Artes (SP)
SP;Embu-Guaçu (SP)
SP;Emilianópolis (SP)
SP;Engenheiro Coelho (SP)
SP;Espírito Santo do Pinhal (SP)
SP;Espírito Santo do Turvo (SP)
SP;Estrela d'Oeste (SP)
SP;Estrela do Norte (SP)
SP;Euclides da Cunha Paulista (SP)
SP;Fartura (SP)
SP;Fernandópolis (SP)
SP;Fernando Prestes (SP)
SP;Fernão (SP)
SP;Ferraz de Vasconcelos (SP)
SP;Flora Rica (SP)
SP;Floreal (SP)
SP;Flórida Paulista (SP)
SP;Florínea (SP)
SP;Franca (SP)
SP;Francisco Morato (SP)
SP;Franco da Rocha (SP)
SP;Gabriel Monteiro (SP)
SP;Gália (SP)
SP;Garça (SP)
SP;Gastão Vidigal (SP)
SP;Gavião Peixoto (SP)
SP;General Salgado (SP)
SP;Getulina (SP)
SP;Glicério (SP)
SP;Guaiçara (SP)
SP;Guaimbê (SP)
SP;Guaíra (SP)
SP;Guapiaçu (SP)
SP;Guapiara (SP)
SP;Guará (SP)
SP;Guaraçaí (SP)
SP;Guaraci (SP)
SP;Guarani d'Oeste (SP)
SP;Guarantã (SP)
SP;Guararapes (SP)
SP;Guararema (SP)
SP;Guaratinguetá (SP)
SP;Guareí (SP)
SP;Guariba (SP)
SP;Guarujá (SP)
SP;Guarulhos (SP)
SP;Guatapará (SP)
SP;Guzolândia (SP)
SP;Herculândia (SP)
SP;Holambra (SP)
SP;Hortolândia (SP)
SP;Iacanga (SP)
SP;Iacri (SP)
SP;Iaras (SP)
SP;Ibaté (SP)
SP;Ibirá (SP)
SP;Ibirarema (SP)
SP;Ibitinga (SP)
SP;Ibiúna (SP)
SP;Icém (SP)
SP;Iepê (SP)
SP;Igaraçu do Tietê (SP)
SP;Igarapava (SP)
SP;Igaratá (SP)
SP;Iguape (SP)
SP;Ilhabela (SP)
SP;Ilha Comprida (SP)
SP;Ilha Solteira (SP)
SP;Indaiatuba (SP)
SP;Indiana (SP)
SP;Indiaporã (SP)
SP;Inúbia Paulista (SP)
SP;Ipaussu (SP)
SP;Iperó (SP)
SP;Ipeúna (SP)
SP;Ipiguá (SP)
SP;Iporanga (SP)
SP;Ipuã (SP)
SP;Iracemápolis (SP)
SP;Irapuã (SP)
SP;Irapuru (SP)
SP;Itaberá (SP)
SP;Itaí (SP)
SP;Itajobi (SP)
SP;Itaju (SP)
SP;Itanhaém (SP)
SP;Itaoca (SP)
SP;Itapecerica da Serra (SP)
SP;Itapetininga (SP)
SP;Itapeva (SP)
SP;Itapevi (SP)
SP;Itapira (SP)
SP;Itapirapuã Paulista (SP)
SP;Itápolis (SP)
SP;Itaporanga (SP)
SP;Itapuí (SP)
SP;Itapura (SP)
SP;Itaquaquecetuba (SP)
SP;Itararé (SP)
SP;Itariri (SP)
SP;Itatiba (SP)
SP;Itatinga (SP)
SP;Itirapina (SP)
SP;Itirapuã (SP)
SP;Itobi (SP)
SP;Itu (SP)
SP;Itupeva (SP)
SP;Ituverava (SP)
SP;Jaborandi (SP)
SP;Jaboticabal (SP)
SP;Jacareí (SP)
SP;Jaci (SP)
SP;Jacupiranga (SP)
SP;Jaguariúna (SP)
SP;Jales (SP)
SP;Jambeiro (SP)
SP;Jandira (SP)
SP;Jardinópolis (SP)
SP;Jarinu (SP)
SP;Jaú (SP)
SP;Jeriquara (SP)
SP;Joanópolis (SP)
SP;João Ramalho (SP)
SP;José Bonifácio (SP)
SP;Júlio Mesquita (SP)
SP;Jumirim (SP)
SP;Jundiaí (SP)
SP;Junqueirópolis (SP)
SP;Juquiá (SP)
SP;Juquitiba (SP)
SP;Lagoinha (SP)
SP;Laranjal Paulista (SP)
SP;Lavínia (SP)
SP;Lavrinhas (SP)
SP;Leme (SP)
SP;Lençóis Paulista (SP)
SP;Limeira (SP)
SP;Lindóia (SP)
SP;Lins (SP)
SP;Lorena (SP)
SP;Lourdes (SP)
SP;Louveira (SP)
SP;Lucélia (SP)
SP;Lucianópolis (SP)
SP;Luís Antônio (SP)
SP;Luiziânia (SP)
SP;Lupércio (SP)
SP;Lutécia (SP)
SP;Macatuba (SP)
SP;Macaubal (SP)
SP;Macedônia (SP)
SP;Magda (SP)
SP;Mairinque (SP)
SP;Mairiporã (SP)
SP;Manduri (SP)
SP;Marabá Paulista (SP)
SP;Maracaí (SP)
SP;Marapoama (SP)
SP;Mariápolis (SP)
SP;Marília (SP)
SP;Marinópolis (SP)
SP;Martinópolis (SP)
SP;Matão (SP)
SP;Mauá (SP)
SP;Mendonça (SP)
SP;Meridiano (SP)
SP;Mesópolis (SP)
SP;Miguelópolis (SP)
SP;Mineiros do Tietê (SP)
SP;Miracatu (SP)
SP;Mira Estrela (SP)
SP;Mirandópolis (SP)
SP;Mirante do Paranapanema (SP)
SP;Mirassol (SP)
SP;Mirassolândia (SP)
SP;Mococa (SP)
SP;Mogi das Cruzes (SP)
SP;Mogi Guaçu (SP)
SP;Mogi Mirim (SP)
SP;Mombuca (SP)
SP;Monções (SP)
SP;Mongaguá (SP)
SP;Monte Alegre do Sul (SP)
SP;Monte Alto (SP)
SP;Monte Aprazível (SP)
SP;Monte Azul Paulista (SP)
SP;Monte Castelo (SP)
SP;Monteiro Lobato (SP)
SP;Monte Mor (SP)
SP;Morro Agudo (SP)
SP;Morungaba (SP)
SP;Motuca (SP)
SP;Murutinga do Sul (SP)
SP;Nantes (SP)
SP;Narandiba (SP)
SP;Natividade da Serra (SP)
SP;Nazaré Paulista (SP)
SP;Neves Paulista (SP)
SP;Nhandeara (SP)
SP;Nipoã (SP)
SP;Nova Aliança (SP)
SP;Nova Campina (SP)
SP;Nova Canaã Paulista (SP)
SP;Nova Castilho (SP)
SP;Nova Europa (SP)
SP;Nova Granada (SP)
SP;Nova Guataporanga (SP)
SP;Nova Independência (SP)
SP;Novais (SP)
SP;Nova Luzitânia (SP)
SP;Nova Odessa (SP)
SP;Novo Horizonte (SP)
SP;Nuporanga (SP)
SP;Ocauçu (SP)
SP;Óleo (SP)
SP;Olímpia (SP)
SP;Onda Verde (SP)
SP;Oriente (SP)
SP;Orindiúva (SP)
SP;Orlândia (SP)
SP;Osasco (SP)
SP;Oscar Bressane (SP)
SP;Osvaldo Cruz (SP)
SP;Ourinhos (SP)
SP;Ouroeste (SP)
SP;Ouro Verde (SP)
SP;Pacaembu (SP)
SP;Palestina (SP)
SP;Palmares Paulista (SP)
SP;Palmeira d'Oeste (SP)
SP;Palmital (SP)
SP;Panorama (SP)
SP;Paraguaçu Paulista (SP)
SP;Paraibuna (SP)
SP;Paraíso (SP)
SP;Paranapanema (SP)
SP;Paranapuã (SP)
SP;Parapuã (SP)
SP;Pardinho (SP)
SP;Pariquera-Açu (SP)
SP;Parisi (SP)
SP;Patrocínio Paulista (SP)
SP;Paulicéia (SP)
SP;Paulínia (SP)
SP;Paulistânia (SP)
SP;Paulo de Faria (SP)
SP;Pederneiras (SP)
SP;Pedra Bela (SP)
SP;Pedranópolis (SP)
SP;Pedregulho (SP)
SP;Pedreira (SP)
SP;Pedrinhas Paulista (SP)
SP;Pedro de Toledo (SP)
SP;Penápolis (SP)
SP;Pereira Barreto (SP)
SP;Pereiras (SP)
SP;Peruíbe (SP)
SP;Piacatu (SP)
SP;Piedade (SP)
SP;Pilar do Sul (SP)
SP;Pindamonhangaba (SP)
SP;Pindorama (SP)
SP;Pinhalzinho (SP)
SP;Piquerobi (SP)
SP;Piquete (SP)
SP;Piracaia (SP)
SP;Piracicaba (SP)
SP;Piraju (SP)
SP;Pirajuí (SP)
SP;Pirangi (SP)
SP;Pirapora do Bom Jesus (SP)
SP;Pirapozinho (SP)
SP;Pirassununga (SP)
SP;Piratininga (SP)
SP;Pitangueiras (SP)
SP;Planalto (SP)
SP;Platina (SP)
SP;Poá (SP)
SP;Poloni (SP)
SP;Pompéia (SP)
SP;Pongaí (SP)
SP;Pontal (SP)
SP;Pontalinda (SP)
SP;Pontes Gestal (SP)
SP;Populina (SP)
SP;Porangaba (SP)
SP;Porto Feliz (SP)
SP;Porto Ferreira (SP)
SP;Potim (SP)
SP;Potirendaba (SP)
SP;Pracinha (SP)
SP;Pradópolis (SP)
SP;Praia Grande (SP)
SP;Pratânia (SP)
SP;Presidente Alves (SP)
SP;Presidente Bernardes (SP)
SP;Presidente Epitácio (SP)
SP;Presidente Prudente (SP)
SP;Presidente Venceslau (SP)
SP;Promissão (SP)
SP;Quadra (SP)
SP;Quatá (SP)
SP;Queiroz (SP)
SP;Queluz (SP)
SP;Quintana (SP)
SP;Rafard (SP)
SP;Rancharia (SP)
SP;Redenção da Serra (SP)
SP;Regente Feijó (SP)
SP;Reginópolis (SP)
SP;Registro (SP)
SP;Restinga (SP)
SP;Ribeira (SP)
SP;Ribeirão Bonito (SP)
SP;Ribeirão Branco (SP)
SP;Ribeirão Corrente (SP)
SP;Ribeirão do Sul (SP)
SP;Ribeirão dos Índios (SP)
SP;Ribeirão Grande (SP)
SP;Ribeirão Pires (SP)
SP;Ribeirão Preto (SP)
SP;Riversul (SP)
SP;Rifaina (SP)
SP;Rincão (SP)
SP;Rinópolis (SP)
SP;Rio Claro (SP)
SP;Rio das Pedras (SP)
SP;Rio Grande da Serra (SP)
SP;Riolândia (SP)
SP;Rosana (SP)
SP;Roseira (SP)
SP;Rubiácea (SP)
SP;Rubinéia (SP)
SP;Sabino (SP)
SP;Sagres (SP)
SP;Sales (SP)
SP;Sales Oliveira (SP)
SP;Salesópolis (SP)
SP;Salmourão (SP)
SP;Saltinho (SP)
SP;Salto (SP)
SP;Salto de Pirapora (SP)
SP;Salto Grande (SP)
SP;Sandovalina (SP)
SP;Santa Adélia (SP)
SP;Santa Albertina (SP)
SP;Santa Bárbara d'Oeste (SP)
SP;Santa Branca (SP)
SP;Santa Clara d'Oeste (SP)
SP;Santa Cruz da Conceição (SP)
SP;Santa Cruz da Esperança (SP)
SP;Santa Cruz das Palmeiras (SP)
SP;Santa Cruz do Rio Pardo (SP)
SP;Santa Ernestina (SP)
SP;Santa Fé do Sul (SP)
SP;Santa Gertrudes (SP)
SP;Santa Isabel (SP)
SP;Santa Lúcia (SP)
SP;Santa Maria da Serra (SP)
SP;Santa Mercedes (SP)
SP;Santana da Ponte Pensa (SP)
SP;Santana de Parnaíba (SP)
SP;Santa Rita d'Oeste (SP)
SP;Santa Rita do Passa Quatro (SP)
SP;Santa Rosa de Viterbo (SP)
SP;Santa Salete (SP)
SP;Santo Anastácio (SP)
SP;Santo André (SP)
SP;Santo Antônio da Alegria (SP)
SP;Santo Antônio de Posse (SP)
SP;Santo Antônio do Aracanguá (SP)
SP;Santo Antônio do Jardim (SP)
SP;Santo Antônio do Pinhal (SP)
SP;Santo Expedito (SP)
SP;Santópolis do Aguapeí (SP)
SP;Santos (SP)
SP;São Bento do Sapucaí (SP)
SP;São Bernardo do Campo (SP)
SP;São Caetano do Sul (SP)
SP;São Carlos (SP)
SP;São Francisco (SP)
SP;São João da Boa Vista (SP)
SP;São João das Duas Pontes (SP)
SP;São João de Iracema (SP)
SP;São João do Pau d'Alho (SP)
SP;São Joaquim da Barra (SP)
SP;São José da Bela Vista (SP)
SP;São José do Barreiro (SP)
SP;São José do Rio Pardo (SP)
SP;São José do Rio Preto (SP)
SP;São José dos Campos (SP)
SP;São Lourenço da Serra (SP)
SP;São Luiz do Paraitinga (SP)
SP;São Manuel (SP)
SP;São Miguel Arcanjo (SP)
SP;São Paulo (SP)
SP;São Pedro (SP)
SP;São Pedro do Turvo (SP)
SP;São Roque (SP)
SP;São Sebastião (SP)
SP;São Sebastião da Grama (SP)
SP;São Simão (SP)
SP;São Vicente (SP)
SP;Sarapuí (SP)
SP;Sarutaiá (SP)
SP;Sebastianópolis do Sul (SP)
SP;Serra Azul (SP)
SP;Serrana (SP)
SP;Serra Negra (SP)
SP;Sertãozinho (SP)
SP;Sete Barras (SP)
SP;Severínia (SP)
SP;Silveiras (SP)
SP;Socorro (SP)
SP;Sorocaba (SP)
SP;Sud Mennucci (SP)
SP;Sumaré (SP)
SP;Suzano (SP)
SP;Suzanápolis (SP)
SP;Tabapuã (SP)
SP;Tabatinga (SP)
SP;Taboão da Serra (SP)
SP;Taciba (SP)
SP;Taguaí (SP)
SP;Taiaçu (SP)
SP;Taiúva (SP)
SP;Tambaú (SP)
SP;Tanabi (SP)
SP;Tapiraí (SP)
SP;Tapiratiba (SP)
SP;Taquaral (SP)
SP;Taquaritinga (SP)
SP;Taquarituba (SP)
SP;Taquarivaí (SP)
SP;Tarabai (SP)
SP;Tarumã (SP)
SP;Tatuí (SP)
SP;Taubaté (SP)
SP;Tejupá (SP)
SP;Teodoro Sampaio (SP)
SP;Terra Roxa (SP)
SP;Tietê (SP)
SP;Timburi (SP)
SP;Torre de Pedra (SP)
SP;Torrinha (SP)
SP;Trabiju (SP)
SP;Tremembé (SP)
SP;Três Fronteiras (SP)
SP;Tuiuti (SP)
SP;Tupã (SP)
SP;Tupi Paulista (SP)
SP;Turiúba (SP)
SP;Turmalina (SP)
SP;Ubarana (SP)
SP;Ubatuba (SP)
SP;Ubirajara (SP)
SP;Uchoa (SP)
SP;União Paulista (SP)
SP;Urânia (SP)
SP;Uru (SP)
SP;Urupês (SP)
SP;Valentim Gentil (SP)
SP;Valinhos (SP)
SP;Valparaíso (SP)
SP;Vargem (SP)
SP;Vargem Grande do Sul (SP)
SP;Vargem Grande Paulista (SP)
SP;Várzea Paulista (SP)
SP;Vera Cruz (SP)
SP;Vinhedo (SP)
SP;Viradouro (SP)
SP;Vista Alegre do Alto (SP)
SP;Vitória Brasil (SP)
SP;Votorantim (SP)
SP;Votuporanga (SP)
SP;Zacarias (SP)
SP;Chavantes (SP)
SP;Estiva Gerbi (SP)
PR;Abatiá (PR)
PR;Adrianópolis (PR)
PR;Agudos do Sul (PR)
PR;Almirante Tamandaré (PR)
PR;Altamira do Paraná (PR)
PR;Altônia (PR)
PR;Alto Paraná (PR)
PR;Alto Piquiri (PR)
PR;Alvorada do Sul (PR)
PR;Amaporã (PR)
PR;Ampére (PR)
PR;Anahy (PR)
PR;Andirá (PR)
PR;Ângulo (PR)
PR;Antonina (PR)
PR;Antônio Olinto (PR)
PR;Apucarana (PR)
PR;Arapongas (PR)
PR;Arapoti (PR)
PR;Arapuã (PR)
PR;Araruna (PR)
PR;Araucária (PR)
PR;Ariranha do Ivaí (PR)
PR;Assaí (PR)
PR;Assis Chateaubriand (PR)
PR;Astorga (PR)
PR;Atalaia (PR)
PR;Balsa Nova (PR)
PR;Bandeirantes (PR)
PR;Barbosa Ferraz (PR)
PR;Barracão (PR)
PR;Barra do Jacaré (PR)
PR;Bela Vista da Caroba (PR)
PR;Bela Vista do Paraíso (PR)
PR;Bituruna (PR)
PR;Boa Esperança (PR)
PR;Boa Esperança do Iguaçu (PR)
PR;Boa Ventura de São Roque (PR)
PR;Boa Vista da Aparecida (PR)
PR;Bocaiúva do Sul (PR)
PR;Bom Jesus do Sul (PR)
PR;Bom Sucesso (PR)
PR;Bom Sucesso do Sul (PR)
PR;Borrazópolis (PR)
PR;Braganey (PR)
PR;Brasilândia do Sul (PR)
PR;Cafeara (PR)
PR;Cafelândia (PR)
PR;Cafezal do Sul (PR)
PR;Califórnia (PR)
PR;Cambará (PR)
PR;Cambé (PR)
PR;Cambira (PR)
PR;Campina da Lagoa (PR)
PR;Campina do Simão (PR)
PR;Campina Grande do Sul (PR)
PR;Campo Bonito (PR)
PR;Campo do Tenente (PR)
PR;Campo Largo (PR)
PR;Campo Magro (PR)
PR;Campo Mourão (PR)
PR;Cândido de Abreu (PR)
PR;Candói (PR)
PR;Cantagalo (PR)
PR;Capanema (PR)
PR;Capitão Leônidas Marques (PR)
PR;Carambeí (PR)
PR;Carlópolis (PR)
PR;Cascavel (PR)
PR;Castro (PR)
PR;Catanduvas (PR)
PR;Centenário do Sul (PR)
PR;Cerro Azul (PR)
PR;Céu Azul (PR)
PR;Chopinzinho (PR)
PR;Cianorte (PR)
PR;Cidade Gaúcha (PR)
PR;Clevelândia (PR)
PR;Colombo (PR)
PR;Colorado (PR)
PR;Congonhinhas (PR)
PR;Conselheiro Mairinck (PR)
PR;Contenda (PR)
PR;Corbélia (PR)
PR;Cornélio Procópio (PR)
PR;Coronel Domingos Soares (PR)
PR;Coronel Vivida (PR)
PR;Corumbataí do Sul (PR)
PR;Cruzeiro do Iguaçu (PR)
PR;Cruzeiro do Oeste (PR)
PR;Cruzeiro do Sul (PR)
PR;Cruz Machado (PR)
PR;Cruzmaltina (PR)
PR;Curitiba (PR)
PR;Curiúva (PR)
PR;Diamante do Norte (PR)
PR;Diamante do Sul (PR)
PR;Diamante D'Oeste (PR)
PR;Dois Vizinhos (PR)
PR;Douradina (PR)
PR;Doutor Camargo (PR)
PR;Enéas Marques (PR)
PR;Engenheiro Beltrão (PR)
PR;Esperança Nova (PR)
PR;Entre Rios do Oeste (PR)
PR;Espigão Alto do Iguaçu (PR)
PR;Farol (PR)
PR;Faxinal (PR)
PR;Fazenda Rio Grande (PR)
PR;Fênix (PR)
PR;Fernandes Pinheiro (PR)
PR;Figueira (PR)
PR;Floraí (PR)
PR;Flor da Serra do Sul (PR)
PR;Floresta (PR)
PR;Florestópolis (PR)
PR;Flórida (PR)
PR;Formosa do Oeste (PR)
PR;Foz do Iguaçu (PR)
PR;Francisco Alves (PR)
PR;Francisco Beltrão (PR)
PR;Foz do Jordão (PR)
PR;General Carneiro (PR)
PR;Godoy Moreira (PR)
PR;Goioerê (PR)
PR;Goioxim (PR)
PR;Grandes Rios (PR)
PR;Guaíra (PR)
PR;Guairaçá (PR)
PR;Guamiranga (PR)
PR;Guapirama (PR)
PR;Guaporema (PR)
PR;Guaraci (PR)
PR;Guaraniaçu (PR)
PR;Guarapuava (PR)
PR;Guaraqueçaba (PR)
PR;Guaratuba (PR)
PR;Honório Serpa (PR)
PR;Ibaiti (PR)
PR;Ibema (PR)
PR;Ibiporã (PR)
PR;Icaraíma (PR)
PR;Iguaraçu (PR)
PR;Iguatu (PR)
PR;Imbaú (PR)
PR;Imbituva (PR)
PR;Inácio Martins (PR)
PR;Inajá (PR)
PR;Indianópolis (PR)
PR;Ipiranga (PR)
PR;Iporã (PR)
PR;Iracema do Oeste (PR)
PR;Irati (PR)
PR;Iretama (PR)
PR;Itaguajé (PR)
PR;Itaipulândia (PR)
PR;Itambaracá (PR)
PR;Itambé (PR)
PR;Itapejara d'Oeste (PR)
PR;Itaperuçu (PR)
PR;Itaúna do Sul (PR)
PR;Ivaí (PR)
PR;Ivaiporã (PR)
PR;Ivaté (PR)
PR;Ivatuba (PR)
PR;Jaboti (PR)
PR;Jacarezinho (PR)
PR;Jaguapitã (PR)
PR;Jaguariaíva (PR)
PR;Jandaia do Sul (PR)
PR;Janiópolis (PR)
PR;Japira (PR)
PR;Japurá (PR)
PR;Jardim Alegre (PR)
PR;Jardim Olinda (PR)
PR;Jataizinho (PR)
PR;Jesuítas (PR)
PR;Joaquim Távora (PR)
PR;Jundiaí do Sul (PR)
PR;Juranda (PR)
PR;Jussara (PR)
PR;Kaloré (PR)
PR;Lapa (PR)
PR;Laranjal (PR)
PR;Laranjeiras do Sul (PR)
PR;Leópolis (PR)
PR;Lidianópolis (PR)
PR;Lindoeste (PR)
PR;Loanda (PR)
PR;Lobato (PR)
PR;Londrina (PR)
PR;Luiziana (PR)
PR;Lunardelli (PR)
PR;Lupionópolis (PR)
PR;Mallet (PR)
PR;Mamborê (PR)
PR;Mandaguaçu (PR)
PR;Mandaguari (PR)
PR;Mandirituba (PR)
PR;Manfrinópolis (PR)
PR;Mangueirinha (PR)
PR;Manoel Ribas (PR)
PR;Marechal Cândido Rondon (PR)
PR;Maria Helena (PR)
PR;Marialva (PR)
PR;Marilândia do Sul (PR)
PR;Marilena (PR)
PR;Mariluz (PR)
PR;Maringá (PR)
PR;Mariópolis (PR)
PR;Maripá (PR)
PR;Marmeleiro (PR)
PR;Marquinho (PR)
PR;Marumbi (PR)
PR;Matelândia (PR)
PR;Matinhos (PR)
PR;Mato Rico (PR)
PR;Mauá da Serra (PR)
PR;Medianeira (PR)
PR;Mercedes (PR)
PR;Mirador (PR)
PR;Miraselva (PR)
PR;Missal (PR)
PR;Moreira Sales (PR)
PR;Morretes (PR)
PR;Munhoz de Melo (PR)
PR;Nossa Senhora das Graças (PR)
PR;Nova Aliança do Ivaí (PR)
PR;Nova América da Colina (PR)
PR;Nova Aurora (PR)
PR;Nova Cantu (PR)
PR;Nova Esperança (PR)
PR;Nova Esperança do Sudoeste (PR)
PR;Nova Fátima (PR)
PR;Nova Laranjeiras (PR)
PR;Nova Londrina (PR)
PR;Nova Olímpia (PR)
PR;Nova Santa Bárbara (PR)
PR;Nova Santa Rosa (PR)
PR;Nova Prata do Iguaçu (PR)
PR;Nova Tebas (PR)
PR;Novo Itacolomi (PR)
PR;Ortigueira (PR)
PR;Ourizona (PR)
PR;Ouro Verde do Oeste (PR)
PR;Paiçandu (PR)
PR;Palmas (PR)
PR;Palmeira (PR)
PR;Palmital (PR)
PR;Palotina (PR)
PR;Paraíso do Norte (PR)
PR;Paranacity (PR)
PR;Paranaguá (PR)
PR;Paranapoema (PR)
PR;Paranavaí (PR)
PR;Pato Bragado (PR)
PR;Pato Branco (PR)
PR;Paula Freitas (PR)
PR;Paulo Frontin (PR)
PR;Peabiru (PR)
PR;Perobal (PR)
PR;Pérola (PR)
PR;Pérola d'Oeste (PR)
PR;Piên (PR)
PR;Pinhais (PR)
PR;Pinhalão (PR)
PR;Pinhal de São Bento (PR)
PR;Pinhão (PR)
PR;Piraí do Sul (PR)
PR;Piraquara (PR)
PR;Pitanga (PR)
PR;Pitangueiras (PR)
PR;Planaltina do Paraná (PR)
PR;Planalto (PR)
PR;Ponta Grossa (PR)
PR;Pontal do Paraná (PR)
PR;Porecatu (PR)
PR;Porto Amazonas (PR)
PR;Porto Barreiro (PR)
PR;Porto Rico (PR)
PR;Porto Vitória (PR)
PR;Prado Ferreira (PR)
PR;Pranchita (PR)
PR;Presidente Castelo Branco (PR)
PR;Primeiro de Maio (PR)
PR;Prudentópolis (PR)
PR;Quarto Centenário (PR)
PR;Quatiguá (PR)
PR;Quatro Barras (PR)
PR;Quatro Pontes (PR)
PR;Quedas do Iguaçu (PR)
PR;Querência do Norte (PR)
PR;Quinta do Sol (PR)
PR;Quitandinha (PR)
PR;Ramilândia (PR)
PR;Rancho Alegre (PR)
PR;Rancho Alegre D'Oeste (PR)
PR;Realeza (PR)
PR;Rebouças (PR)
PR;Renascença (PR)
PR;Reserva (PR)
PR;Reserva do Iguaçu (PR)
PR;Ribeirão Claro (PR)
PR;Ribeirão do Pinhal (PR)
PR;Rio Azul (PR)
PR;Rio Bom (PR)
PR;Rio Bonito do Iguaçu (PR)
PR;Rio Branco do Ivaí (PR)
PR;Rio Branco do Sul (PR)
PR;Rio Negro (PR)
PR;Rolândia (PR)
PR;Roncador (PR)
PR;Rondon (PR)
PR;Rosário do Ivaí (PR)
PR;Sabáudia (PR)
PR;Salgado Filho (PR)
PR;Salto do Itararé (PR)
PR;Salto do Lontra (PR)
PR;Santa Amélia (PR)
PR;Santa Cecília do Pavão (PR)
PR;Santa Cruz de Monte Castelo (PR)
PR;Santa Fé (PR)
PR;Santa Helena (PR)
PR;Santa Inês (PR)
PR;Santa Isabel do Ivaí (PR)
PR;Santa Izabel do Oeste (PR)
PR;Santa Lúcia (PR)
PR;Santa Maria do Oeste (PR)
PR;Santa Mariana (PR)
PR;Santa Mônica (PR)
PR;Santana do Itararé (PR)
PR;Santa Tereza do Oeste (PR)
PR;Santa Terezinha de Itaipu (PR)
PR;Santo Antônio da Platina (PR)
PR;Santo Antônio do Caiuá (PR)
PR;Santo Antônio do Paraíso (PR)
PR;Santo Antônio do Sudoeste (PR)
PR;Santo Inácio (PR)
PR;São Carlos do Ivaí (PR)
PR;São Jerônimo da Serra (PR)
PR;São João (PR)
PR;São João do Caiuá (PR)
PR;São João do Ivaí (PR)
PR;São João do Triunfo (PR)
PR;São Jorge d'Oeste (PR)
PR;São Jorge do Ivaí (PR)
PR;São Jorge do Patrocínio (PR)
PR;São José da Boa Vista (PR)
PR;São José das Palmeiras (PR)
PR;São José dos Pinhais (PR)
PR;São Manoel do Paraná (PR)
PR;São Mateus do Sul (PR)
PR;São Miguel do Iguaçu (PR)
PR;São Pedro do Iguaçu (PR)
PR;São Pedro do Ivaí (PR)
PR;São Pedro do Paraná (PR)
PR;São Sebastião da Amoreira (PR)
PR;São Tomé (PR)
PR;Sapopema (PR)
PR;Sarandi (PR)
PR;Saudade do Iguaçu (PR)
PR;Sengés (PR)
PR;Serranópolis do Iguaçu (PR)
PR;Sertaneja (PR)
PR;Sertanópolis (PR)
PR;Siqueira Campos (PR)
PR;Sulina (PR)
PR;Tamarana (PR)
PR;Tamboara (PR)
PR;Tapejara (PR)
PR;Tapira (PR)
PR;Teixeira Soares (PR)
PR;Telêmaco Borba (PR)
PR;Terra Boa (PR)
PR;Terra Rica (PR)
PR;Terra Roxa (PR)
PR;Tibagi (PR)
PR;Tijucas do Sul (PR)
PR;Toledo (PR)
PR;Tomazina (PR)
PR;Três Barras do Paraná (PR)
PR;Tunas do Paraná (PR)
PR;Tuneiras do Oeste (PR)
PR;Tupãssi (PR)
PR;Turvo (PR)
PR;Ubiratã (PR)
PR;Umuarama (PR)
PR;União da Vitória (PR)
PR;Uniflor (PR)
PR;Uraí (PR)
PR;Wenceslau Braz (PR)
PR;Ventania (PR)
PR;Vera Cruz do Oeste (PR)
PR;Verê (PR)
PR;Alto Paraíso (PR)
PR;Doutor Ulysses (PR)
PR;Virmond (PR)
PR;Vitorino (PR)
PR;Xambrê (PR)
SC;Abdon Batista (SC)
SC;Abelardo Luz (SC)
SC;Agrolândia (SC)
SC;Agronômica (SC)
SC;Água Doce (SC)
SC;Águas de Chapecó (SC)
SC;Águas Frias (SC)
SC;Águas Mornas (SC)
SC;Alfredo Wagner (SC)
SC;Alto Bela Vista (SC)
SC;Anchieta (SC)
SC;Angelina (SC)
SC;Anita Garibaldi (SC)
SC;Anitápolis (SC)
SC;Antônio Carlos (SC)
SC;Apiúna (SC)
SC;Arabutã (SC)
SC;Araquari (SC)
SC;Araranguá (SC)
SC;Armazém (SC)
SC;Arroio Trinta (SC)
SC;Arvoredo (SC)
SC;Ascurra (SC)
SC;Atalanta (SC)
SC;Aurora (SC)
SC;Balneário Arroio do Silva (SC)
SC;Balneário Camboriú (SC)
SC;Balneário Barra do Sul (SC)
SC;Balneário Gaivota (SC)
SC;Bandeirante (SC)
SC;Barra Bonita (SC)
SC;Barra Velha (SC)
SC;Bela Vista do Toldo (SC)
SC;Belmonte (SC)
SC;Benedito Novo (SC)
SC;Biguaçu (SC)
SC;Blumenau (SC)
SC;Bocaina do Sul (SC)
SC;Bombinhas (SC)
SC;Bom Jardim da Serra (SC)
SC;Bom Jesus (SC)
SC;Bom Jesus do Oeste (SC)
SC;Bom Retiro (SC)
SC;Botuverá (SC)
SC;Braço do Norte (SC)
SC;Braço do Trombudo (SC)
SC;Brunópolis (SC)
SC;Brusque (SC)
SC;Caçador (SC)
SC;Caibi (SC)
SC;Calmon (SC)
SC;Camboriú (SC)
SC;Capão Alto (SC)
SC;Campo Alegre (SC)
SC;Campo Belo do Sul (SC)
SC;Campo Erê (SC)
SC;Campos Novos (SC)
SC;Canelinha (SC)
SC;Canoinhas (SC)
SC;Capinzal (SC)
SC;Capivari de Baixo (SC)
SC;Catanduvas (SC)
SC;Caxambu do Sul (SC)
SC;Celso Ramos (SC)
SC;Cerro Negro (SC)
SC;Chapadão do Lageado (SC)
SC;Chapecó (SC)
SC;Cocal do Sul (SC)
SC;Concórdia (SC)
SC;Cordilheira Alta (SC)
SC;Coronel Freitas (SC)
SC;Coronel Martins (SC)
SC;Corupá (SC)
SC;Correia Pinto (SC)
SC;Criciúma (SC)
SC;Cunha Porã (SC)
SC;Cunhataí (SC)
SC;Curitibanos (SC)
SC;Descanso (SC)
SC;Dionísio Cerqueira (SC)
SC;Dona Emma (SC)
SC;Doutor Pedrinho (SC)
SC;Entre Rios (SC)
SC;Ermo (SC)
SC;Erval Velho (SC)
SC;Faxinal dos Guedes (SC)
SC;Flor do Sertão (SC)
SC;Florianópolis (SC)
SC;Formosa do Sul (SC)
SC;Forquilhinha (SC)
SC;Fraiburgo (SC)
SC;Frei Rogério (SC)
SC;Galvão (SC)
SC;Garopaba (SC)
SC;Garuva (SC)
SC;Gaspar (SC)
SC;Governador Celso Ramos (SC)
SC;Grão-Pará (SC)
SC;Gravatal (SC)
SC;Guabiruba (SC)
SC;Guaraciaba (SC)
SC;Guaramirim (SC)
SC;Guarujá do Sul (SC)
SC;Guatambú (SC)
SC;Herval d'Oeste (SC)
SC;Ibiam (SC)
SC;Ibicaré (SC)
SC;Ibirama (SC)
SC;Içara (SC)
SC;Ilhota (SC)
SC;Imaruí (SC)
SC;Imbituba (SC)
SC;Imbuia (SC)
SC;Indaial (SC)
SC;Iomerê (SC)
SC;Ipira (SC)
SC;Iporã do Oeste (SC)
SC;Ipuaçu (SC)
SC;Ipumirim (SC)
SC;Iraceminha (SC)
SC;Irani (SC)
SC;Irati (SC)
SC;Irineópolis (SC)
SC;Itá (SC)
SC;Itaiópolis (SC)
SC;Itajaí (SC)
SC;Itapema (SC)
SC;Itapiranga (SC)
SC;Itapoá (SC)
SC;Ituporanga (SC)
SC;Jaborá (SC)
SC;Jacinto Machado (SC)
SC;Jaguaruna (SC)
SC;Jaraguá do Sul (SC)
SC;Jardinópolis (SC)
SC;Joaçaba (SC)
SC;Joinville (SC)
SC;José Boiteux (SC)
SC;Jupiá (SC)
SC;Lacerdópolis (SC)
SC;Lages (SC)
SC;Laguna (SC)
SC;Lajeado Grande (SC)
SC;Laurentino (SC)
SC;Lauro Müller (SC)
SC;Lebon Régis (SC)
SC;Leoberto Leal (SC)
SC;Lindóia do Sul (SC)
SC;Lontras (SC)
SC;Luiz Alves (SC)
SC;Luzerna (SC)
SC;Macieira (SC)
SC;Mafra (SC)
SC;Major Gercino (SC)
SC;Major Vieira (SC)
SC;Maracajá (SC)
SC;Maravilha (SC)
SC;Marema (SC)
SC;Massaranduba (SC)
SC;Matos Costa (SC)
SC;Meleiro (SC)
SC;Mirim Doce (SC)
SC;Modelo (SC)
SC;Mondaí (SC)
SC;Monte Carlo (SC)
SC;Monte Castelo (SC)
SC;Morro da Fumaça (SC)
SC;Morro Grande (SC)
SC;Navegantes (SC)
SC;Nova Erechim (SC)
SC;Nova Itaberaba (SC)
SC;Nova Trento (SC)
SC;Nova Veneza (SC)
SC;Novo Horizonte (SC)
SC;Orleans (SC)
SC;Otacílio Costa (SC)
SC;Ouro (SC)
SC;Ouro Verde (SC)
SC;Paial (SC)
SC;Painel (SC)
SC;Palhoça (SC)
SC;Palma Sola (SC)
SC;Palmeira (SC)
SC;Palmitos (SC)
SC;Papanduva (SC)
SC;Paraíso (SC)
SC;Passo de Torres (SC)
SC;Passos Maia (SC)
SC;Paulo Lopes (SC)
SC;Pedras Grandes (SC)
SC;Penha (SC)
SC;Peritiba (SC)
SC;Petrolândia (SC)
SC;Balneário Piçarras (SC)
SC;Pinhalzinho (SC)
SC;Pinheiro Preto (SC)
SC;Piratuba (SC)
SC;Planalto Alegre (SC)
SC;Pomerode (SC)
SC;Ponte Alta (SC)
SC;Ponte Alta do Norte (SC)
SC;Ponte Serrada (SC)
SC;Porto Belo (SC)
SC;Porto União (SC)
SC;Pouso Redondo (SC)
SC;Praia Grande (SC)
SC;Presidente Castello Branco (SC)
SC;Presidente Getúlio (SC)
SC;Presidente Nereu (SC)
SC;Princesa (SC)
SC;Quilombo (SC)
SC;Rancho Queimado (SC)
SC;Rio das Antas (SC)
SC;Rio do Campo (SC)
SC;Rio do Oeste (SC)
SC;Rio dos Cedros (SC)
SC;Rio do Sul (SC)
SC;Rio Fortuna (SC)
SC;Rio Negrinho (SC)
SC;Rio Rufino (SC)
SC;Riqueza (SC)
SC;Rodeio (SC)
SC;Romelândia (SC)
SC;Salete (SC)
SC;Saltinho (SC)
SC;Salto Veloso (SC)
SC;Sangão (SC)
SC;Santa Cecília (SC)
SC;Santa Helena (SC)
SC;Santa Rosa de Lima (SC)
SC;Santa Rosa do Sul (SC)
SC;Santa Terezinha (SC)
SC;Santa Terezinha do Progresso (SC)
SC;Santiago do Sul (SC)
SC;Santo Amaro da Imperatriz (SC)
SC;São Bernardino (SC)
SC;São Bento do Sul (SC)
SC;São Bonifácio (SC)
SC;São Carlos (SC)
SC;São Cristóvão do Sul (SC)
SC;São Domingos (SC)
SC;São Francisco do Sul (SC)
SC;São João do Oeste (SC)
SC;São João Batista (SC)
SC;São João do Itaperiú (SC)
SC;São João do Sul (SC)
SC;São Joaquim (SC)
SC;São José (SC)
SC;São José do Cedro (SC)
SC;São José do Cerrito (SC)
SC;São Lourenço do Oeste (SC)
SC;São Ludgero (SC)
SC;São Martinho (SC)
SC;São Miguel da Boa Vista (SC)
SC;São Miguel do Oeste (SC)
SC;São Pedro de Alcântara (SC)
SC;Saudades (SC)
SC;Schroeder (SC)
SC;Seara (SC)
SC;Serra Alta (SC)
SC;Siderópolis (SC)
SC;Sombrio (SC)
SC;Sul Brasil (SC)
SC;Taió (SC)
SC;Tangará (SC)
SC;Tigrinhos (SC)
SC;Tijucas (SC)
SC;Timbé do Sul (SC)
SC;Timbó (SC)
SC;Timbó Grande (SC)
SC;Três Barras (SC)
SC;Treviso (SC)
SC;Treze de Maio (SC)
SC;Treze Tílias (SC)
SC;Trombudo Central (SC)
SC;Tubarão (SC)
SC;Tunápolis (SC)
SC;Turvo (SC)
SC;União do Oeste (SC)
SC;Urubici (SC)
SC;Urupema (SC)
SC;Urussanga (SC)
SC;Vargeão (SC)
SC;Vargem (SC)
SC;Vargem Bonita (SC)
SC;Vidal Ramos (SC)
SC;Videira (SC)
SC;Vitor Meireles (SC)
SC;Witmarsum (SC)
SC;Xanxerê (SC)
SC;Xavantina (SC)
SC;Xaxim (SC)
SC;Zortéa (SC)
RS;Aceguá (RS)
RS;Água Santa (RS)
RS;Agudo (RS)
RS;Ajuricaba (RS)
RS;Alecrim (RS)
RS;Alegrete (RS)
RS;Alegria (RS)
RS;Almirante Tamandaré do Sul (RS)
RS;Alpestre (RS)
RS;Alto Alegre (RS)
RS;Alto Feliz (RS)
RS;Alvorada (RS)
RS;Amaral Ferrador (RS)
RS;Ametista do Sul (RS)
RS;André da Rocha (RS)
RS;Anta Gorda (RS)
RS;Antônio Prado (RS)
RS;Arambaré (RS)
RS;Araricá (RS)
RS;Aratiba (RS)
RS;Arroio do Meio (RS)
RS;Arroio do Sal (RS)
RS;Arroio do Padre (RS)
RS;Arroio dos Ratos (RS)
RS;Arroio do Tigre (RS)
RS;Arroio Grande (RS)
RS;Arvorezinha (RS)
RS;Augusto Pestana (RS)
RS;Áurea (RS)
RS;Bagé (RS)
RS;Balneário Pinhal (RS)
RS;Barão (RS)
RS;Barão de Cotegipe (RS)
RS;Barão do Triunfo (RS)
RS;Barracão (RS)
RS;Barra do Guarita (RS)
RS;Barra do Quaraí (RS)
RS;Barra do Ribeiro (RS)
RS;Barra do Rio Azul (RS)
RS;Barra Funda (RS)
RS;Barros Cassal (RS)
RS;Benjamin Constant do Sul (RS)
RS;Bento Gonçalves (RS)
RS;Boa Vista das Missões (RS)
RS;Boa Vista do Buricá (RS)
RS;Boa Vista do Cadeado (RS)
RS;Boa Vista do Incra (RS)
RS;Boa Vista do Sul (RS)
RS;Bom Jesus (RS)
RS;Bom Princípio (RS)
RS;Bom Progresso (RS)
RS;Bom Retiro do Sul (RS)
RS;Boqueirão do Leão (RS)
RS;Bossoroca (RS)
RS;Bozano (RS)
RS;Braga (RS)
RS;Brochier (RS)
RS;Butiá (RS)
RS;Caçapava do Sul (RS)
RS;Cacequi (RS)
RS;Cachoeira do Sul (RS)
RS;Cachoeirinha (RS)
RS;Cacique Doble (RS)
RS;Caibaté (RS)
RS;Caiçara (RS)
RS;Camaquã (RS)
RS;Camargo (RS)
RS;Cambará do Sul (RS)
RS;Campestre da Serra (RS)
RS;Campina das Missões (RS)
RS;Campinas do Sul (RS)
RS;Campo Bom (RS)
RS;Campo Novo (RS)
RS;Campos Borges (RS)
RS;Candelária (RS)
RS;Cândido Godói (RS)
RS;Candiota (RS)
RS;Canela (RS)
RS;Canguçu (RS)
RS;Canoas (RS)
RS;Canudos do Vale (RS)
RS;Capão Bonito do Sul (RS)
RS;Capão da Canoa (RS)
RS;Capão do Cipó (RS)
RS;Capão do Leão (RS)
RS;Capivari do Sul (RS)
RS;Capela de Santana (RS)
RS;Capitão (RS)
RS;Carazinho (RS)
RS;Caraá (RS)
RS;Carlos Barbosa (RS)
RS;Carlos Gomes (RS)
RS;Casca (RS)
RS;Caseiros (RS)
RS;Catuípe (RS)
RS;Caxias do Sul (RS)
RS;Centenário (RS)
RS;Cerrito (RS)
RS;Cerro Branco (RS)
RS;Cerro Grande (RS)
RS;Cerro Grande do Sul (RS)
RS;Cerro Largo (RS)
RS;Chapada (RS)
RS;Charqueadas (RS)
RS;Charrua (RS)
RS;Chiapetta (RS)
RS;Chuí (RS)
RS;Chuvisca (RS)
RS;Cidreira (RS)
RS;Ciríaco (RS)
RS;Colinas (RS)
RS;Colorado (RS)
RS;Condor (RS)
RS;Constantina (RS)
RS;Coqueiro Baixo (RS)
RS;Coqueiros do Sul (RS)
RS;Coronel Barros (RS)
RS;Coronel Bicaco (RS)
RS;Coronel Pilar (RS)
RS;Cotiporã (RS)
RS;Coxilha (RS)
RS;Crissiumal (RS)
RS;Cristal (RS)
RS;Cristal do Sul (RS)
RS;Cruz Alta (RS)
RS;Cruzaltense (RS)
RS;Cruzeiro do Sul (RS)
RS;David Canabarro (RS)
RS;Derrubadas (RS)
RS;Dezesseis de Novembro (RS)
RS;Dilermando de Aguiar (RS)
RS;Dois Irmãos (RS)
RS;Dois Irmãos das Missões (RS)
RS;Dois Lajeados (RS)
RS;Dom Feliciano (RS)
RS;Dom Pedro de Alcântara (RS)
RS;Dom Pedrito (RS)
RS;Dona Francisca (RS)
RS;Doutor Maurício Cardoso (RS)
RS;Doutor Ricardo (RS)
RS;Eldorado do Sul (RS)
RS;Encantado (RS)
RS;Encruzilhada do Sul (RS)
RS;Engenho Velho (RS)
RS;Entre-Ijuís (RS)
RS;Entre Rios do Sul (RS)
RS;Erebango (RS)
RS;Erechim (RS)
RS;Ernestina (RS)
RS;Herval (RS)
RS;Erval Grande (RS)
RS;Erval Seco (RS)
RS;Esmeralda (RS)
RS;Esperança do Sul (RS)
RS;Espumoso (RS)
RS;Estação (RS)
RS;Estância Velha (RS)
RS;Esteio (RS)
RS;Estrela (RS)
RS;Estrela Velha (RS)
RS;Eugênio de Castro (RS)
RS;Fagundes Varela (RS)
RS;Farroupilha (RS)
RS;Faxinal do Soturno (RS)
RS;Faxinalzinho (RS)
RS;Fazenda Vilanova (RS)
RS;Feliz (RS)
RS;Flores da Cunha (RS)
RS;Floriano Peixoto (RS)
RS;Fontoura Xavier (RS)
RS;Formigueiro (RS)
RS;Forquetinha (RS)
RS;Fortaleza dos Valos (RS)
RS;Frederico Westphalen (RS)
RS;Garibaldi (RS)
RS;Garruchos (RS)
RS;Gaurama (RS)
RS;General Câmara (RS)
RS;Gentil (RS)
RS;Getúlio Vargas (RS)
RS;Giruá (RS)
RS;Glorinha (RS)
RS;Gramado (RS)
RS;Gramado dos Loureiros (RS)
RS;Gramado Xavier (RS)
RS;Gravataí (RS)
RS;Guabiju (RS)
RS;Guaíba (RS)
RS;Guaporé (RS)
RS;Guarani das Missões (RS)
RS;Harmonia (RS)
RS;Herveiras (RS)
RS;Horizontina (RS)
RS;Hulha Negra (RS)
RS;Humaitá (RS)
RS;Ibarama (RS)
RS;Ibiaçá (RS)
RS;Ibiraiaras (RS)
RS;Ibirapuitã (RS)
RS;Ibirubá (RS)
RS;Igrejinha (RS)
RS;Ijuí (RS)
RS;Ilópolis (RS)
RS;Imbé (RS)
RS;Imigrante (RS)
RS;Independência (RS)
RS;Inhacorá (RS)
RS;Ipê (RS)
RS;Ipiranga do Sul (RS)
RS;Iraí (RS)
RS;Itaara (RS)
RS;Itacurubi (RS)
RS;Itapuca (RS)
RS;Itaqui (RS)
RS;Itati (RS)
RS;Itatiba do Sul (RS)
RS;Ivorá (RS)
RS;Ivoti (RS)
RS;Jaboticaba (RS)
RS;Jacuizinho (RS)
RS;Jacutinga (RS)
RS;Jaguarão (RS)
RS;Jaguari (RS)
RS;Jaquirana (RS)
RS;Jari (RS)
RS;Jóia (RS)
RS;Júlio de Castilhos (RS)
RS;Lagoa Bonita do Sul (RS)
RS;Lagoão (RS)
RS;Lagoa dos Três Cantos (RS)
RS;Lagoa Vermelha (RS)
RS;Lajeado (RS)
RS;Lajeado do Bugre (RS)
RS;Lavras do Sul (RS)
RS;Liberato Salzano (RS)
RS;Lindolfo Collor (RS)
RS;Linha Nova (RS)
RS;Machadinho (RS)
RS;Maçambará (RS)
RS;Mampituba (RS)
RS;Manoel Viana (RS)
RS;Maquiné (RS)
RS;Maratá (RS)
RS;Marau (RS)
RS;Marcelino Ramos (RS)
RS;Mariana Pimentel (RS)
RS;Mariano Moro (RS)
RS;Marques de Souza (RS)
RS;Mata (RS)
RS;Mato Castelhano (RS)
RS;Mato Leitão (RS)
RS;Mato Queimado (RS)
RS;Maximiliano de Almeida (RS)
RS;Minas do Leão (RS)
RS;Miraguaí (RS)
RS;Montauri (RS)
RS;Monte Alegre dos Campos (RS)
RS;Monte Belo do Sul (RS)
RS;Montenegro (RS)
RS;Mormaço (RS)
RS;Morrinhos do Sul (RS)
RS;Morro Redondo (RS)
RS;Morro Reuter (RS)
RS;Mostardas (RS)
RS;Muçum (RS)
RS;Muitos Capões (RS)
RS;Muliterno (RS)
RS;Não-Me-Toque (RS)
RS;Nicolau Vergueiro (RS)
RS;Nonoai (RS)
RS;Nova Alvorada (RS)
RS;Nova Araçá (RS)
RS;Nova Bassano (RS)
RS;Nova Boa Vista (RS)
RS;Nova Bréscia (RS)
RS;Nova Candelária (RS)
RS;Nova Esperança do Sul (RS)
RS;Nova Hartz (RS)
RS;Nova Pádua (RS)
RS;Nova Palma (RS)
RS;Nova Petrópolis (RS)
RS;Nova Prata (RS)
RS;Nova Ramada (RS)
RS;Nova Roma do Sul (RS)
RS;Nova Santa Rita (RS)
RS;Novo Cabrais (RS)
RS;Novo Hamburgo (RS)
RS;Novo Machado (RS)
RS;Novo Tiradentes (RS)
RS;Novo Xingu (RS)
RS;Novo Barreiro (RS)
RS;Osório (RS)
RS;Paim Filho (RS)
RS;Palmares do Sul (RS)
RS;Palmeira das Missões (RS)
RS;Palmitinho (RS)
RS;Panambi (RS)
RS;Pantano Grande (RS)
RS;Paraí (RS)
RS;Paraíso do Sul (RS)
RS;Pareci Novo (RS)
RS;Parobé (RS)
RS;Passa Sete (RS)
RS;Passo do Sobrado (RS)
RS;Passo Fundo (RS)
RS;Paulo Bento (RS)
RS;Paverama (RS)
RS;Pedras Altas (RS)
RS;Pedro Osório (RS)
RS;Pejuçara (RS)
RS;Pelotas (RS)
RS;Picada Café (RS)
RS;Pinhal (RS)
RS;Pinhal da Serra (RS)
RS;Pinhal Grande (RS)
RS;Pinheirinho do Vale (RS)
RS;Pinheiro Machado (RS)
RS;Pirapó (RS)
RS;Piratini (RS)
RS;Planalto (RS)
RS;Poço das Antas (RS)
RS;Pontão (RS)
RS;Ponte Preta (RS)
RS;Portão (RS)
RS;Porto Alegre (RS)
RS;Porto Lucena (RS)
RS;Porto Mauá (RS)
RS;Porto Vera Cruz (RS)
RS;Porto Xavier (RS)
RS;Pouso Novo (RS)
RS;Presidente Lucena (RS)
RS;Progresso (RS)
RS;Protásio Alves (RS)
RS;Putinga (RS)
RS;Quaraí (RS)
RS;Quatro Irmãos (RS)
RS;Quevedos (RS)
RS;Quinze de Novembro (RS)
RS;Redentora (RS)
RS;Relvado (RS)
RS;Restinga Sêca (RS)
RS;Rio dos Índios (RS)
RS;Rio Grande (RS)
RS;Rio Pardo (RS)
RS;Riozinho (RS)
RS;Roca Sales (RS)
RS;Rodeio Bonito (RS)
RS;Rolador (RS)
RS;Rolante (RS)
RS;Ronda Alta (RS)
RS;Rondinha (RS)
RS;Roque Gonzales (RS)
RS;Rosário do Sul (RS)
RS;Sagrada Família (RS)
RS;Saldanha Marinho (RS)
RS;Salto do Jacuí (RS)
RS;Salvador das Missões (RS)
RS;Salvador do Sul (RS)
RS;Sananduva (RS)
RS;Santa Bárbara do Sul (RS)
RS;Santa Cecília do Sul (RS)
RS;Santa Clara do Sul (RS)
RS;Santa Cruz do Sul (RS)
RS;Santa Maria (RS)
RS;Santa Maria do Herval (RS)
RS;Santa Margarida do Sul (RS)
RS;Santana da Boa Vista (RS)
RS;Sant'Ana do Livramento (RS)
RS;Santa Rosa (RS)
RS;Santa Tereza (RS)
RS;Santa Vitória do Palmar (RS)
RS;Santiago (RS)
RS;Santo Ângelo (RS)
RS;Santo Antônio do Palma (RS)
RS;Santo Antônio da Patrulha (RS)
RS;Santo Antônio das Missões (RS)
RS;Santo Antônio do Planalto (RS)
RS;Santo Augusto (RS)
RS;Santo Cristo (RS)
RS;Santo Expedito do Sul (RS)
RS;São Borja (RS)
RS;São Domingos do Sul (RS)
RS;São Francisco de Assis (RS)
RS;São Francisco de Paula (RS)
RS;São Gabriel (RS)
RS;São Jerônimo (RS)
RS;São João da Urtiga (RS)
RS;São João do Polêsine (RS)
RS;São Jorge (RS)
RS;São José das Missões (RS)
RS;São José do Herval (RS)
RS;São José do Hortêncio (RS)
RS;São José do Inhacorá (RS)
RS;São José do Norte (RS)
RS;São José do Ouro (RS)
RS;São José do Sul (RS)
RS;São José dos Ausentes (RS)
RS;São Leopoldo (RS)
RS;São Lourenço do Sul (RS)
RS;São Luiz Gonzaga (RS)
RS;São Marcos (RS)
RS;São Martinho (RS)
RS;São Martinho da Serra (RS)
RS;São Miguel das Missões (RS)
RS;São Nicolau (RS)
RS;São Paulo das Missões (RS)
RS;São Pedro da Serra (RS)
RS;São Pedro das Missões (RS)
RS;São Pedro do Butiá (RS)
RS;São Pedro do Sul (RS)
RS;São Sebastião do Caí (RS)
RS;São Sepé (RS)
RS;São Valentim (RS)
RS;São Valentim do Sul (RS)
RS;São Valério do Sul (RS)
RS;São Vendelino (RS)
RS;São Vicente do Sul (RS)
RS;Sapiranga (RS)
RS;Sapucaia do Sul (RS)
RS;Sarandi (RS)
RS;Seberi (RS)
RS;Sede Nova (RS)
RS;Segredo (RS)
RS;Selbach (RS)
RS;Senador Salgado Filho (RS)
RS;Sentinela do Sul (RS)
RS;Serafina Corrêa (RS)
RS;Sério (RS)
RS;Sertão (RS)
RS;Sertão Santana (RS)
RS;Sete de Setembro (RS)
RS;Severiano de Almeida (RS)
RS;Silveira Martins (RS)
RS;Sinimbu (RS)
RS;Sobradinho (RS)
RS;Soledade (RS)
RS;Tabaí (RS)
RS;Tapejara (RS)
RS;Tapera (RS)
RS;Tapes (RS)
RS;Taquara (RS)
RS;Taquari (RS)
RS;Taquaruçu do Sul (RS)
RS;Tavares (RS)
RS;Tenente Portela (RS)
RS;Terra de Areia (RS)
RS;Teutônia (RS)
RS;Tio Hugo (RS)
RS;Tiradentes do Sul (RS)
RS;Toropi (RS)
RS;Torres (RS)
RS;Tramandaí (RS)
RS;Travesseiro (RS)
RS;Três Arroios (RS)
RS;Três Cachoeiras (RS)
RS;Três Coroas (RS)
RS;Três de Maio (RS)
RS;Três Forquilhas (RS)
RS;Três Palmeiras (RS)
RS;Três Passos (RS)
RS;Trindade do Sul (RS)
RS;Triunfo (RS)
RS;Tucunduva (RS)
RS;Tunas (RS)
RS;Tupanci do Sul (RS)
RS;Tupanciretã (RS)
RS;Tupandi (RS)
RS;Tuparendi (RS)
RS;Turuçu (RS)
RS;Ubiretama (RS)
RS;União da Serra (RS)
RS;Unistalda (RS)
RS;Uruguaiana (RS)
RS;Vacaria (RS)
RS;Vale Verde (RS)
RS;Vale do Sol (RS)
RS;Vale Real (RS)
RS;Vanini (RS)
RS;Venâncio Aires (RS)
RS;Vera Cruz (RS)
RS;Veranópolis (RS)
RS;Vespasiano Corrêa (RS)
RS;Viadutos (RS)
RS;Viamão (RS)
RS;Vicente Dutra (RS)
RS;Victor Graeff (RS)
RS;Vila Flores (RS)
RS;Vila Lângaro (RS)
RS;Vila Maria (RS)
RS;Vila Nova do Sul (RS)
RS;Vista Alegre (RS)
RS;Vista Alegre do Prata (RS)
RS;Vista Gaúcha (RS)
RS;Vitória das Missões (RS)
RS;Westfália (RS)
RS;Xangri-lá (RS)
MS;Água Clara (MS)
MS;Alcinópolis (MS)
MS;Amambai (MS)
MS;Anastácio (MS)
MS;Anaurilândia (MS)
MS;Angélica (MS)
MS;Antônio João (MS)
MS;Aparecida do Taboado (MS)
MS;Aquidauana (MS)
MS;Aral Moreira (MS)
MS;Bandeirantes (MS)
MS;Bataguassu (MS)
MS;Batayporã (MS)
MS;Bela Vista (MS)
MS;Bodoquena (MS)
MS;Bonito (MS)
MS;Brasilândia (MS)
MS;Caarapó (MS)
MS;Camapuã (MS)
MS;Campo Grande (MS)
MS;Caracol (MS)
MS;Cassilândia (MS)
MS;Chapadão do Sul (MS)
MS;Corguinho (MS)
MS;Coronel Sapucaia (MS)
MS;Corumbá (MS)
MS;Costa Rica (MS)
MS;Coxim (MS)
MS;Deodápolis (MS)
MS;Dois Irmãos do Buriti (MS)
MS;Douradina (MS)
MS;Dourados (MS)
MS;Eldorado (MS)
MS;Fátima do Sul (MS)
MS;Figueirão (MS)
MS;Glória de Dourados (MS)
MS;Guia Lopes da Laguna (MS)
MS;Iguatemi (MS)
MS;Inocência (MS)
MS;Itaporã (MS)
MS;Itaquiraí (MS)
MS;Ivinhema (MS)
MS;Japorã (MS)
MS;Jaraguari (MS)
MS;Jardim (MS)
MS;Jateí (MS)
MS;Juti (MS)
MS;Ladário (MS)
MS;Laguna Carapã (MS)
MS;Maracaju (MS)
MS;Miranda (MS)
MS;Mundo Novo (MS)
MS;Naviraí (MS)
MS;Nioaque (MS)
MS;Nova Alvorada do Sul (MS)
MS;Nova Andradina (MS)
MS;Novo Horizonte do Sul (MS)
MS;Paranaíba (MS)
MS;Paranhos (MS)
MS;Pedro Gomes (MS)
MS;Ponta Porã (MS)
MS;Porto Murtinho (MS)
MS;Ribas do Rio Pardo (MS)
MS;Rio Brilhante (MS)
MS;Rio Negro (MS)
MS;Rio Verde de Mato Grosso (MS)
MS;Rochedo (MS)
MS;Santa Rita do Pardo (MS)
MS;São Gabriel do Oeste (MS)
MS;Sete Quedas (MS)
MS;Selvíria (MS)
MS;Sidrolândia (MS)
MS;Sonora (MS)
MS;Tacuru (MS)
MS;Taquarussu (MS)
MS;Terenos (MS)
MS;Três Lagoas (MS)
MS;Vicentina (MS)
MT;Acorizal (MT)
MT;Água Boa (MT)
MT;Alta Floresta (MT)
MT;Alto Araguaia (MT)
MT;Alto Boa Vista (MT)
MT;Alto Garças (MT)
MT;Alto Paraguai (MT)
MT;Alto Taquari (MT)
MT;Apiacás (MT)
MT;Araguaiana (MT)
MT;Araguainha (MT)
MT;Araputanga (MT)
MT;Arenápolis (MT)
MT;Aripuanã (MT)
MT;Barão de Melgaço (MT)
MT;Barra do Bugres (MT)
MT;Barra do Garças (MT)
MT;Bom Jesus do Araguaia (MT)
MT;Brasnorte (MT)
MT;Cáceres (MT)
MT;Campinápolis (MT)
MT;Campo Novo do Parecis (MT)
MT;Campo Verde (MT)
MT;Campos de Júlio (MT)
MT;Canabrava do Norte (MT)
MT;Canarana (MT)
MT;Carlinda (MT)
MT;Castanheira (MT)
MT;Chapada dos Guimarães (MT)
MT;Cláudia (MT)
MT;Cocalinho (MT)
MT;Colíder (MT)
MT;Colniza (MT)
MT;Comodoro (MT)
MT;Confresa (MT)
MT;Conquista D'Oeste (MT)
MT;Cotriguaçu (MT)
MT;Cuiabá (MT)
MT;Curvelândia (MT)
MT;Denise (MT)
MT;Diamantino (MT)
MT;Dom Aquino (MT)
MT;Feliz Natal (MT)
MT;Figueirópolis D'Oeste (MT)
MT;Gaúcha do Norte (MT)
MT;General Carneiro (MT)
MT;Glória D'Oeste (MT)
MT;Guarantã do Norte (MT)
MT;Guiratinga (MT)
MT;Indiavaí (MT)
MT;Ipiranga do Norte (MT)
MT;Itanhangá (MT)
MT;Itaúba (MT)
MT;Itiquira (MT)
MT;Jaciara (MT)
MT;Jangada (MT)
MT;Jauru (MT)
MT;Juara (MT)
MT;Juína (MT)
MT;Juruena (MT)
MT;Juscimeira (MT)
MT;Lambari D'Oeste (MT)
MT;Lucas do Rio Verde (MT)
MT;Luciara (MT)
MT;Vila Bela da Santíssima Trindade (MT)
MT;Marcelândia (MT)
MT;Matupá (MT)
MT;Mirassol d'Oeste (MT)
MT;Nobres (MT)
MT;Nortelândia (MT)
MT;Nossa Senhora do Livramento (MT)
MT;Nova Bandeirantes (MT)
MT;Nova Nazaré (MT)
MT;Nova Lacerda (MT)
MT;Nova Santa Helena (MT)
MT;Nova Brasilândia (MT)
MT;Nova Canaã do Norte (MT)
MT;Nova Mutum (MT)
MT;Nova Olímpia (MT)
MT;Nova Ubiratã (MT)
MT;Nova Xavantina (MT)
MT;Novo Mundo (MT)
MT;Novo Horizonte do Norte (MT)
MT;Novo São Joaquim (MT)
MT;Paranaíta (MT)
MT;Paranatinga (MT)
MT;Novo Santo Antônio (MT)
MT;Pedra Preta (MT)
MT;Peixoto de Azevedo (MT)
MT;Planalto da Serra (MT)
MT;Poconé (MT)
MT;Pontal do Araguaia (MT)
MT;Ponte Branca (MT)
MT;Pontes e Lacerda (MT)
MT;Porto Alegre do Norte (MT)
MT;Porto dos Gaúchos (MT)
MT;Porto Esperidião (MT)
MT;Porto Estrela (MT)
MT;Poxoréu (MT)
MT;Primavera do Leste (MT)
MT;Querência (MT)
MT;São José dos Quatro Marcos (MT)
MT;Reserva do Cabaçal (MT)
MT;Ribeirão Cascalheira (MT)
MT;Ribeirãozinho (MT)
MT;Rio Branco (MT)
MT;Santa Carmem (MT)
MT;Santo Afonso (MT)
MT;São José do Povo (MT)
MT;São José do Rio Claro (MT)
MT;São José do Xingu (MT)
MT;São Pedro da Cipa (MT)
MT;Rondolândia (MT)
MT;Rondonópolis (MT)
MT;Rosário Oeste (MT)
MT;Santa Cruz do Xingu (MT)
MT;Salto do Céu (MT)
MT;Santa Rita do Trivelato (MT)
MT;Santa Terezinha (MT)
MT;Santo Antônio do Leste (MT)
MT;Santo Antônio de Leverger (MT)
MT;São Félix do Araguaia (MT)
MT;Sapezal (MT)
MT;Serra Nova Dourada (MT)
MT;Sinop (MT)
MT;Sorriso (MT)
MT;Tabaporã (MT)
MT;Tangará da Serra (MT)
MT;Tapurah (MT)
MT;Terra Nova do Norte (MT)
MT;Tesouro (MT)
MT;Torixoréu (MT)
MT;União do Sul (MT)
MT;Vale de São Domingos (MT)
MT;Várzea Grande (MT)
MT;Vera (MT)
MT;Vila Rica (MT)
MT;Nova Guarita (MT)
MT;Nova Marilândia (MT)
MT;Nova Maringá (MT)
MT;Nova Monte Verde (MT)
GO;Abadia de Goiás (GO)
GO;Abadiânia (GO)
GO;Acreúna (GO)
GO;Adelândia (GO)
GO;Água Fria de Goiás (GO)
GO;Água Limpa (GO)
GO;Águas Lindas de Goiás (GO)
GO;Alexânia (GO)
GO;Aloândia (GO)
GO;Alto Horizonte (GO)
GO;Alto Paraíso de Goiás (GO)
GO;Alvorada do Norte (GO)
GO;Amaralina (GO)
GO;Americano do Brasil (GO)
GO;Amorinópolis (GO)
GO;Anápolis (GO)
GO;Anhanguera (GO)
GO;Anicuns (GO)
GO;Aparecida de Goiânia (GO)
GO;Aparecida do Rio Doce (GO)
GO;Aporé (GO)
GO;Araçu (GO)
GO;Aragarças (GO)
GO;Aragoiânia (GO)
GO;Araguapaz (GO)
GO;Arenópolis (GO)
GO;Aruanã (GO)
GO;Aurilândia (GO)
GO;Avelinópolis (GO)
GO;Baliza (GO)
GO;Barro Alto (GO)
GO;Bela Vista de Goiás (GO)
GO;Bom Jardim de Goiás (GO)
GO;Bom Jesus de Goiás (GO)
GO;Bonfinópolis (GO)
GO;Bonópolis (GO)
GO;Brazabrantes (GO)
GO;Britânia (GO)
GO;Buriti Alegre (GO)
GO;Buriti de Goiás (GO)
GO;Buritinópolis (GO)
GO;Cabeceiras (GO)
GO;Cachoeira Alta (GO)
GO;Cachoeira de Goiás (GO)
GO;Cachoeira Dourada (GO)
GO;Caçu (GO)
GO;Caiapônia (GO)
GO;Caldas Novas (GO)
GO;Caldazinha (GO)
GO;Campestre de Goiás (GO)
GO;Campinaçu (GO)
GO;Campinorte (GO)
GO;Campo Alegre de Goiás (GO)
GO;Campo Limpo de Goiás (GO)
GO;Campos Belos (GO)
GO;Campos Verdes (GO)
GO;Carmo do Rio Verde (GO)
GO;Castelândia (GO)
GO;Catalão (GO)
GO;Caturaí (GO)
GO;Cavalcante (GO)
GO;Ceres (GO)
GO;Cezarina (GO)
GO;Chapadão do Céu (GO)
GO;Cidade Ocidental (GO)
GO;Cocalzinho de Goiás (GO)
GO;Colinas do Sul (GO)
GO;Córrego do Ouro (GO)
GO;Corumbá de Goiás (GO)
GO;Corumbaíba (GO)
GO;Cristalina (GO)
GO;Cristianópolis (GO)
GO;Crixás (GO)
GO;Cromínia (GO)
GO;Cumari (GO)
GO;Damianópolis (GO)
GO;Damolândia (GO)
GO;Davinópolis (GO)
GO;Diorama (GO)
GO;Doverlândia (GO)
GO;Edealina (GO)
GO;Edéia (GO)
GO;Estrela do Norte (GO)
GO;Faina (GO)
GO;Fazenda Nova (GO)
GO;Firminópolis (GO)
GO;Flores de Goiás (GO)
GO;Formosa (GO)
GO;Formoso (GO)
GO;Gameleira de Goiás (GO)
GO;Divinópolis de Goiás (GO)
GO;Goianápolis (GO)
GO;Goiandira (GO)
GO;Goianésia (GO)
GO;Goiânia (GO)
GO;Goianira (GO)
GO;Goiás (GO)
GO;Goiatuba (GO)
GO;Gouvelândia (GO)
GO;Guapó (GO)
GO;Guaraíta (GO)
GO;Guarani de Goiás (GO)
GO;Guarinos (GO)
GO;Heitoraí (GO)
GO;Hidrolândia (GO)
GO;Hidrolina (GO)
GO;Iaciara (GO)
GO;Inaciolândia (GO)
GO;Indiara (GO)
GO;Inhumas (GO)
GO;Ipameri (GO)
GO;Ipiranga de Goiás (GO)
GO;Iporá (GO)
GO;Israelândia (GO)
GO;Itaberaí (GO)
GO;Itaguari (GO)
GO;Itaguaru (GO)
GO;Itajá (GO)
GO;Itapaci (GO)
GO;Itapirapuã (GO)
GO;Itapuranga (GO)
GO;Itarumã (GO)
GO;Itauçu (GO)
GO;Itumbiara (GO)
GO;Ivolândia (GO)
GO;Jandaia (GO)
GO;Jaraguá (GO)
GO;Jataí (GO)
GO;Jaupaci (GO)
GO;Jesúpolis (GO)
GO;Joviânia (GO)
GO;Jussara (GO)
GO;Lagoa Santa (GO)
GO;Leopoldo de Bulhões (GO)
GO;Luziânia (GO)
GO;Mairipotaba (GO)
GO;Mambaí (GO)
GO;Mara Rosa (GO)
GO;Marzagão (GO)
GO;Matrinchã (GO)
GO;Maurilândia (GO)
GO;Mimoso de Goiás (GO)
GO;Minaçu (GO)
GO;Mineiros (GO)
GO;Moiporá (GO)
GO;Monte Alegre de Goiás (GO)
GO;Montes Claros de Goiás (GO)
GO;Montividiu (GO)
GO;Montividiu do Norte (GO)
GO;Morrinhos (GO)
GO;Morro Agudo de Goiás (GO)
GO;Mossâmedes (GO)
GO;Mozarlândia (GO)
GO;Mundo Novo (GO)
GO;Mutunópolis (GO)
GO;Nazário (GO)
GO;Nerópolis (GO)
GO;Niquelândia (GO)
GO;Nova América (GO)
GO;Nova Aurora (GO)
GO;Nova Crixás (GO)
GO;Nova Glória (GO)
GO;Nova Iguaçu de Goiás (GO)
GO;Nova Roma (GO)
GO;Nova Veneza (GO)
GO;Novo Brasil (GO)
GO;Novo Gama (GO)
GO;Novo Planalto (GO)
GO;Orizona (GO)
GO;Ouro Verde de Goiás (GO)
GO;Ouvidor (GO)
GO;Padre Bernardo (GO)
GO;Palestina de Goiás (GO)
GO;Palmeiras de Goiás (GO)
GO;Palmelo (GO)
GO;Palminópolis (GO)
GO;Panamá (GO)
GO;Paranaiguara (GO)
GO;Paraúna (GO)
GO;Perolândia (GO)
GO;Petrolina de Goiás (GO)
GO;Pilar de Goiás (GO)
GO;Piracanjuba (GO)
GO;Piranhas (GO)
GO;Pirenópolis (GO)
GO;Pires do Rio (GO)
GO;Planaltina (GO)
GO;Pontalina (GO)
GO;Porangatu (GO)
GO;Porteirão (GO)
GO;Portelândia (GO)
GO;Posse (GO)
GO;Professor Jamil (GO)
GO;Quirinópolis (GO)
GO;Rialma (GO)
GO;Rianápolis (GO)
GO;Rio Quente (GO)
GO;Rio Verde (GO)
GO;Rubiataba (GO)
GO;Sanclerlândia (GO)
GO;Santa Bárbara de Goiás (GO)
GO;Santa Cruz de Goiás (GO)
GO;Santa Fé de Goiás (GO)
GO;Santa Helena de Goiás (GO)
GO;Santa Isabel (GO)
GO;Santa Rita do Araguaia (GO)
GO;Santa Rita do Novo Destino (GO)
GO;Santa Rosa de Goiás (GO)
GO;Santa Tereza de Goiás (GO)
GO;Santa Terezinha de Goiás (GO)
GO;Santo Antônio da Barra (GO)
GO;Santo Antônio de Goiás (GO)
GO;Santo Antônio do Descoberto (GO)
GO;São Domingos (GO)
GO;São Francisco de Goiás (GO)
GO;São João d'Aliança (GO)
GO;São João da Paraúna (GO)
GO;São Luís de Montes Belos (GO)
GO;São Luiz do Norte (GO)
GO;São Miguel do Araguaia (GO)
GO;São Miguel do Passa Quatro (GO)
GO;São Patrício (GO)
GO;São Simão (GO)
GO;Senador Canedo (GO)
GO;Serranópolis (GO)
GO;Silvânia (GO)
GO;Simolândia (GO)
GO;Sítio d'Abadia (GO)
GO;Taquaral de Goiás (GO)
GO;Teresina de Goiás (GO)
GO;Terezópolis de Goiás (GO)
GO;Três Ranchos (GO)
GO;Trindade (GO)
GO;Trombas (GO)
GO;Turvânia (GO)
GO;Turvelândia (GO)
GO;Uirapuru (GO)
GO;Uruaçu (GO)
GO;Uruana (GO)
GO;Urutaí (GO)
GO;Valparaíso de Goiás (GO)
GO;Varjão (GO)
GO;Vianópolis (GO)
GO;Vicentinópolis (GO)
GO;Vila Boa (GO)
GO;Vila Propício (GO)
DF;Brasília (DF)
